TS代码,交易日期,昨收盘价(元),开盘价(元),最高价(元),最低价(元),收盘价(元),涨跌额(元),涨跌幅(%),成交量(手),成交额(千元)
510050.SH,20191231,3.051,3.046,3.06,3.038,3.058,0.007,0.2294,4343767.11,1324084.863
510050.SH,20191230,3.009,3.005,3.058,2.999,3.051,0.042,1.3958,5714000.64,1733531.71
510050.SH,20191227,3.002,3.005,3.04,3.002,3.009,0.007,0.2332,6153843.98,1860126.203
510050.SH,20191226,2.98,2.98,3.005,2.979,3.002,0.022,0.7383,5075314.62,1518286.393
510050.SH,20191225,2.988,2.984,2.985,2.967,2.98,-0.008,-0.2677,4978454.98,1482332.609
510050.SH,20191224,2.979,2.98,2.992,2.975,2.988,0.009,0.3021,3596866.06,1073521.696
510050.SH,20191223,3.005,3.003,3.019,2.975,2.979,-0.026,-0.8652,5536351.11,1660823.605
510050.SH,20191220,3.01,3.012,3.026,3.002,3.005,-0.005,-0.1661,4723815.15,1423233.622
510050.SH,20191219,3.017,3.021,3.023,3.006,3.01,-0.007,-0.232,3793251.08,1143438.109
510050.SH,20191218,3.025,3.021,3.038,3.016,3.017,-0.008,-0.2645,4853617.58,1469046.619
510050.SH,20191217,2.993,2.994,3.05,2.988,3.025,0.032,1.0692,6935913.37,2090222.43
510050.SH,20191216,3.0,2.999,3.0,2.98,2.993,-0.007,-0.2333,7394984.09,2208984.009
510050.SH,20191213,2.937,2.963,3.005,2.963,3.0,0.063,2.145,6262289.58,1868407.015
510050.SH,20191212,2.947,2.947,2.952,2.934,2.937,-0.01,-0.3393,3473981.69,1021477.679
510050.SH,20191211,2.933,2.943,2.95,2.929,2.947,0.014,0.4773,4215219.49,1239191.541
510050.SH,20191210,2.931,2.924,2.935,2.921,2.933,0.002,0.0682,2334625.33,684066.277
510050.SH,20191209,2.936,2.94,2.942,2.923,2.931,-0.005,-0.1703,3558123.74,1042713.436
510050.SH,20191206,2.919,2.926,2.937,2.92,2.936,0.017,0.5824,2904019.88,850151.548
510050.SH,20191205,2.901,2.908,2.926,2.908,2.919,0.018,0.6205,4077374.15,1188894.955
510050.SH,20191204,2.907,2.897,2.903,2.885,2.901,-0.006,-0.2064,2502162.59,724751.426
510050.SH,20191203,2.897,2.891,2.908,2.875,2.907,0.01,0.3452,2723413.38,788222.654
510050.SH,20191202,2.891,2.895,2.909,2.893,2.897,0.006,0.2075,2864324.79,831161.814
510050.SH,20191129,2.978,2.97,2.975,2.927,2.938,-0.04,-1.3432,7572518.11,2232849.793
510050.SH,20191128,2.988,2.989,2.997,2.971,2.978,-0.01,-0.3347,3420941.74,1019563.969
510050.SH,20191127,2.993,2.991,2.998,2.977,2.988,-0.005,-0.1671,4464692.47,1334462.301
510050.SH,20191126,2.994,3.002,3.01,2.988,2.993,-0.001,-0.0334,5726171.14,1716517.184
510050.SH,20191125,2.967,2.97,2.997,2.97,2.994,0.027,0.91,4084737.61,1219911.155
510050.SH,20191122,2.995,2.999,3.015,2.957,2.967,-0.028,-0.9349,7535545.68,2245917.107
510050.SH,20191121,3.013,3.003,3.006,2.988,2.995,-0.018,-0.5974,5816018.75,1742501.109
510050.SH,20191120,3.046,3.044,3.044,3.006,3.013,-0.033,-1.0834,3575295.0,1081041.743
510050.SH,20191119,3.027,3.024,3.047,3.019,3.046,0.019,0.6277,4246236.0,1289554.456
510050.SH,20191118,3.003,3.003,3.035,2.998,3.027,0.024,0.7992,3569864.0,1077301.822
510050.SH,20191115,3.013,3.02,3.025,3.001,3.003,-0.01,-0.3319,3839506.87,1156198.502
510050.SH,20191114,3.015,3.018,3.026,3.011,3.013,-0.002,-0.0663,3014513.51,910020.669
510050.SH,20191113,3.017,3.01,3.021,3.001,3.015,-0.002,-0.0663,3217677.03,968824.606
510050.SH,20191112,3.013,3.02,3.025,3.001,3.017,0.004,0.1328,3935588.87,1186118.814
510050.SH,20191111,3.06,3.046,3.046,3.009,3.013,-0.047,-1.5359,7559566.05,2289368.583
510050.SH,20191108,3.079,3.099,3.101,3.059,3.06,-0.019,-0.6171,3540707.92,1090653.802
510050.SH,20191107,3.079,3.075,3.096,3.069,3.079,0.0,0.0,3692108.81,1137327.429
510050.SH,20191106,3.086,3.08,3.092,3.071,3.079,-0.007,-0.2268,3540065.58,1092278.508
510050.SH,20191105,3.069,3.069,3.117,3.061,3.086,0.017,0.5539,6570568.7,2029834.237
510050.SH,20191104,3.052,3.057,3.072,3.056,3.069,0.017,0.557,4387744.7,1344948.358
510050.SH,20191101,3.003,3.0,3.053,2.994,3.052,0.049,1.6317,5038628.02,1527857.333
510050.SH,20191031,2.999,3.007,3.012,2.996,3.003,0.004,0.1334,2619587.83,787118.847
510050.SH,20191030,3.016,3.012,3.022,2.994,2.999,-0.017,-0.5637,2951602.13,886655.025
510050.SH,20191029,3.028,3.03,3.03,3.015,3.016,-0.012,-0.3963,2263788.87,684330.499
510050.SH,20191028,3.014,3.018,3.036,3.01,3.028,0.014,0.4645,3674721.73,1110622.854
510050.SH,20191025,3.008,3.004,3.02,2.982,3.014,0.006,0.1995,5081514.38,1524656.787
510050.SH,20191024,3.0,3.004,3.023,2.993,3.008,0.008,0.2667,3803104.79,1143688.469
510050.SH,20191023,3.019,3.017,3.026,2.991,3.0,-0.019,-0.6293,4353895.58,1310581.68
510050.SH,20191022,3.016,3.024,3.029,3.006,3.019,0.003,0.0995,3486246.35,1050936.694
510050.SH,20191021,3.014,3.009,3.022,3.0,3.016,0.002,0.0664,3413732.72,1028025.229
510050.SH,20191018,3.059,3.065,3.076,3.009,3.014,-0.045,-1.4711,5141967.69,1563773.454
510050.SH,20191017,3.051,3.054,3.069,3.048,3.059,0.008,0.2622,3398641.84,1039147.467
510050.SH,20191016,3.062,3.064,3.094,3.045,3.051,-0.011,-0.3592,4102418.11,1257989.802
510050.SH,20191015,3.061,3.058,3.068,3.055,3.062,0.001,0.0327,2656609.05,813429.352
510050.SH,20191014,3.032,3.052,3.089,3.045,3.061,0.029,0.9565,4739749.5,1453555.171
510050.SH,20191011,2.987,2.999,3.04,2.993,3.032,0.045,1.5065,5686825.66,1713277.548
510050.SH,20191010,2.971,2.971,2.992,2.959,2.987,0.016,0.5385,2951435.04,878623.812
510050.SH,20191009,2.968,2.958,2.979,2.943,2.971,0.003,0.1011,4298707.98,1273426.61
510050.SH,20191008,2.945,2.945,2.986,2.944,2.968,0.023,0.781,6003259.1,1784081.817
510050.SH,20190930,2.978,2.975,2.982,2.944,2.945,-0.033,-1.1081,4467307.7,1324174.176
510050.SH,20190927,2.978,2.977,2.983,2.966,2.978,0.0,0.0,3387130.27,1007239.504
510050.SH,20190926,2.977,2.987,3.0,2.974,2.978,0.001,0.0336,4586257.39,1370727.772
510050.SH,20190925,2.987,2.979,2.991,2.97,2.977,-0.01,-0.3348,6326637.48,1886061.722
510050.SH,20190924,2.981,2.983,3.003,2.979,2.987,0.006,0.2013,5994304.4,1793393.951
510050.SH,20190923,3.013,3.001,3.003,2.969,2.981,-0.032,-1.0621,5560055.23,1654327.727
510050.SH,20190920,3.007,3.016,3.02,3.007,3.013,0.006,0.1995,3830080.67,1153849.185
510050.SH,20190919,3.003,3.011,3.015,2.989,3.007,0.004,0.1332,3941838.55,1182882.19
510050.SH,20190918,2.987,2.994,3.016,2.993,3.003,0.016,0.5357,7980787.28,2397658.641
510050.SH,20190917,3.034,3.026,3.028,2.976,2.987,-0.047,-1.5491,7859068.25,2361227.354
510050.SH,20190916,3.047,3.05,3.054,3.019,3.034,-0.013,-0.4266,4111851.36,1247882.462
510050.SH,20190912,3.007,3.014,3.053,3.014,3.047,0.04,1.3302,4951925.95,1502170.734
510050.SH,20190911,3.021,3.031,3.033,2.998,3.007,-0.014,-0.4634,8706491.48,2622768.828
510050.SH,20190910,3.032,3.032,3.042,3.011,3.021,-0.011,-0.3628,6416862.75,1936516.927
510050.SH,20190909,3.037,3.06,3.065,3.027,3.032,-0.005,-0.1646,4750557.74,1444011.673
510050.SH,20190906,3.004,3.023,3.039,3.009,3.037,0.033,1.0985,4527298.4,1368192.612
510050.SH,20190905,2.973,2.987,3.044,2.987,3.004,0.031,1.0427,6385133.13,1924343.118
510050.SH,20190904,2.939,2.938,2.976,2.937,2.973,0.034,1.1569,4794114.57,1416593.58
510050.SH,20190903,2.94,2.94,2.945,2.926,2.939,-0.001,-0.034,2824525.85,829215.97
510050.SH,20190902,2.916,2.914,2.949,2.909,2.94,0.024,0.823,4084594.84,1199539.751
510050.SH,20190830,2.901,2.923,2.933,2.9,2.916,0.015,0.5171,5494816.4,1603901.283
510050.SH,20190829,2.912,2.912,2.916,2.886,2.901,-0.011,-0.3777,4889349.57,1417362.508
510050.SH,20190828,2.934,2.924,2.936,2.908,2.912,-0.022,-0.7498,8625730.76,2515547.665
510050.SH,20190827,2.914,2.929,2.962,2.926,2.934,0.02,0.6863,7415284.3,2183320.682
510050.SH,20190826,2.963,2.928,2.933,2.905,2.914,-0.049,-1.6537,7964338.34,2323615.647
510050.SH,20190823,2.923,2.923,2.97,2.92,2.963,0.04,1.3685,7074216.24,2089351.38
510050.SH,20190822,2.919,2.923,2.928,2.907,2.923,0.004,0.137,2809424.92,820219.762
510050.SH,20190821,2.921,2.919,2.924,2.913,2.919,-0.002,-0.0685,2688651.93,784777.975
510050.SH,20190820,2.927,2.92,2.93,2.914,2.921,-0.006,-0.205,4436124.44,1296068.089
510050.SH,20190819,2.87,2.889,2.928,2.873,2.927,0.057,1.9861,5579018.64,1618039.293
510050.SH,20190816,2.858,2.864,2.892,2.851,2.87,0.012,0.4199,4357908.9,1252569.615
510050.SH,20190815,2.849,2.805,2.864,2.801,2.858,0.009,0.3159,5062099.23,1436494.171
510050.SH,20190814,2.84,2.875,2.879,2.848,2.849,0.009,0.3169,3482212.05,997247.203
510050.SH,20190813,2.869,2.85,2.858,2.834,2.84,-0.029,-1.0108,3207579.95,912252.659
510050.SH,20190812,2.82,2.829,2.871,2.828,2.869,0.049,1.7376,3958124.03,1127560.575
510050.SH,20190809,2.831,2.845,2.848,2.814,2.82,-0.011,-0.3886,3138770.75,888327.551
510050.SH,20190808,2.791,2.813,2.835,2.811,2.831,0.04,1.4332,5916576.38,1669612.156
510050.SH,20190807,2.805,2.812,2.816,2.79,2.791,-0.014,-0.4991,7350606.52,2059570.892
510050.SH,20190806,2.835,2.787,2.814,2.766,2.805,-0.03,-1.0582,11694177.35,3261876.319
510050.SH,20190805,2.89,2.873,2.876,2.831,2.835,-0.055,-1.9031,7522352.47,2145626.911
510050.SH,20190802,2.935,2.877,2.897,2.874,2.89,-0.045,-1.5332,7014542.98,2024146.287
510050.SH,20190801,2.96,2.945,2.956,2.924,2.935,-0.025,-0.8446,5023138.91,1475959.112
510050.SH,20190731,2.988,2.978,2.979,2.954,2.96,-0.028,-0.9371,6560646.63,1943622.29
510050.SH,20190730,2.978,2.98,3.002,2.98,2.988,0.01,0.3358,3979921.94,1190965.793
510050.SH,20190729,2.982,2.979,2.983,2.967,2.978,-0.004,-0.1341,3145172.3,935676.418
510050.SH,20190726,2.977,2.964,2.989,2.962,2.982,0.005,0.168,4163229.73,1239873.847
510050.SH,20190725,2.952,2.952,2.978,2.948,2.977,0.025,0.8469,5528144.69,1637314.542
510050.SH,20190724,2.923,2.937,2.968,2.937,2.952,0.029,0.9921,10018078.66,2959275.919
510050.SH,20190723,2.922,2.924,2.932,2.915,2.923,0.001,0.0342,8425271.69,2462523.966
510050.SH,20190722,2.94,2.936,2.949,2.911,2.922,-0.018,-0.6122,6672655.11,1956454.821
510050.SH,20190719,2.905,2.916,2.948,2.916,2.94,0.035,1.2048,6509143.74,1910318.188
510050.SH,20190718,2.916,2.908,2.915,2.898,2.905,-0.011,-0.3772,4467545.44,1299052.287
510050.SH,20190717,2.925,2.914,2.933,2.905,2.916,-0.009,-0.3077,3804581.75,1110768.527
510050.SH,20190716,2.942,2.939,2.949,2.923,2.925,-0.017,-0.5778,5231551.26,1533891.663
510050.SH,20190715,2.943,2.93,2.965,2.888,2.942,-0.001,-0.034,9622977.19,2815471.682
510050.SH,20190712,2.922,2.919,2.954,2.917,2.943,0.021,0.7187,7320785.29,2154167.295
510050.SH,20190711,2.912,2.926,2.953,2.911,2.922,0.01,0.3434,5123220.71,1501606.55
510050.SH,20190710,2.914,2.926,2.93,2.901,2.912,-0.002,-0.0686,4265334.83,1244010.827
510050.SH,20190709,2.924,2.921,2.934,2.904,2.914,-0.01,-0.342,5660119.36,1650904.234
510050.SH,20190708,2.987,2.974,2.974,2.903,2.924,-0.063,-2.1091,7758014.25,2276532.476
510050.SH,20190705,2.976,2.973,2.993,2.965,2.987,0.011,0.3696,6411849.84,1912867.904
510050.SH,20190704,2.987,2.985,2.998,2.961,2.976,-0.011,-0.3683,7114962.84,2121252.772
510050.SH,20190703,3.016,3.007,3.01,2.977,2.987,-0.029,-0.9615,8101843.85,2424420.251
510050.SH,20190702,3.02,3.015,3.021,3.005,3.016,-0.004,-0.1325,4508130.91,1358285.837
510050.SH,20190701,2.952,3.0,3.03,2.995,3.02,0.068,2.3035,13218484.24,3984858.768
510050.SH,20190628,2.955,2.952,2.953,2.931,2.952,-0.003,-0.1015,7428596.1,2186047.094
510050.SH,20190627,2.916,2.925,2.965,2.925,2.955,0.039,1.3374,6098190.65,1799610.98
510050.SH,20190626,2.919,2.908,2.927,2.901,2.916,-0.003,-0.1028,5756242.22,1678644.628
510050.SH,20190625,2.959,2.958,2.959,2.888,2.919,-0.04,-1.3518,15273855.77,4457214.953
510050.SH,20190624,2.953,2.953,2.97,2.944,2.959,0.006,0.2032,5417402.59,1602036.93
510050.SH,20190621,2.954,2.954,2.97,2.943,2.953,-0.001,-0.0339,11402715.68,3367203.503
510050.SH,20190620,2.856,2.854,2.972,2.854,2.954,0.098,3.4314,17341152.87,5058801.128
510050.SH,20190619,2.81,2.879,2.893,2.853,2.856,0.046,1.637,8213251.43,2358019.358
510050.SH,20190618,2.799,2.801,2.812,2.789,2.81,0.011,0.393,4759329.68,1334491.956
510050.SH,20190617,2.79,2.788,2.815,2.788,2.799,0.009,0.3226,3913233.12,1096691.659
510050.SH,20190614,2.796,2.8,2.819,2.785,2.79,-0.006,-0.2146,4515758.22,1265460.733
510050.SH,20190613,2.802,2.799,2.81,2.777,2.796,-0.006,-0.2141,6094716.9,1702766.199
510050.SH,20190612,2.814,2.807,2.809,2.795,2.802,-0.012,-0.4264,5692177.24,1594933.404
510050.SH,20190611,2.739,2.75,2.817,2.748,2.814,0.075,2.7382,11738006.02,3270626.579
510050.SH,20190610,2.704,2.718,2.748,2.71,2.739,0.035,1.2944,9330960.06,2553988.948
510050.SH,20190606,2.718,2.72,2.728,2.702,2.704,-0.014,-0.5151,4593769.39,1246423.894
510050.SH,20190605,2.722,2.74,2.747,2.714,2.718,-0.004,-0.147,5269694.78,1440129.993
510050.SH,20190604,2.74,2.739,2.747,2.713,2.722,-0.018,-0.6569,5823471.67,1585352.339
510050.SH,20190603,2.728,2.737,2.762,2.722,2.74,0.012,0.4399,6299664.5,1726338.572
510050.SH,20190531,2.737,2.732,2.76,2.724,2.728,-0.009,-0.3288,4533678.59,1242478.056
510050.SH,20190530,2.748,2.742,2.746,2.717,2.737,-0.011,-0.4003,4434905.53,1211490.178
510050.SH,20190529,2.733,2.721,2.775,2.716,2.748,0.015,0.5488,7000035.74,1919156.554
510050.SH,20190528,2.714,2.712,2.751,2.708,2.733,0.019,0.7001,11145186.31,3048009.609
510050.SH,20190527,2.691,2.687,2.725,2.659,2.714,0.023,0.8547,7983517.3,2148945.443
510050.SH,20190524,2.677,2.686,2.715,2.681,2.691,0.014,0.523,6255478.71,1686657.72
510050.SH,20190523,2.709,2.699,2.706,2.668,2.677,-0.032,-1.1812,8240925.21,2210094.608
510050.SH,20190522,2.722,2.723,2.728,2.697,2.709,-0.013,-0.4776,9612715.82,2605630.745
510050.SH,20190521,2.699,2.701,2.749,2.699,2.722,0.023,0.8522,14452587.76,3939878.829
510050.SH,20190520,2.723,2.715,2.735,2.682,2.699,-0.024,-0.8814,13070781.2,3535242.146
510050.SH,20190517,2.774,2.773,2.778,2.715,2.723,-0.051,-1.8385,13740253.25,3763471.404
510050.SH,20190516,2.765,2.759,2.777,2.751,2.774,0.009,0.3255,6532119.32,1806791.511
510050.SH,20190515,2.708,2.728,2.78,2.726,2.765,0.057,2.1049,10954325.62,3015406.412
510050.SH,20190514,2.725,2.704,2.746,2.7,2.708,-0.017,-0.6239,11686212.98,3185029.723
510050.SH,20190513,2.777,2.745,2.75,2.719,2.725,-0.052,-1.8725,7508046.29,2052475.838
510050.SH,20190510,2.686,2.718,2.783,2.679,2.777,0.091,3.3879,25998999.59,7138888.384
510050.SH,20190509,2.745,2.733,2.737,2.669,2.686,-0.059,-2.1494,12329123.18,3331285.933
510050.SH,20190508,2.79,2.745,2.782,2.736,2.745,-0.045,-1.6129,9503394.46,2617223.945
510050.SH,20190507,2.787,2.8,2.817,2.762,2.79,0.003,0.1076,12061676.05,3368606.24
510050.SH,20190506,2.928,2.84,2.857,2.752,2.787,-0.141,-4.8156,19548520.08,5474573.473
510050.SH,20190430,2.921,2.92,2.938,2.903,2.928,0.007,0.2396,6827256.25,1995072.432
510050.SH,20190429,2.88,2.888,2.952,2.887,2.921,0.041,1.4236,10222883.18,2986016.015
510050.SH,20190426,2.913,2.9,2.918,2.876,2.88,-0.033,-1.1329,11620134.35,3365424.175
510050.SH,20190425,2.958,2.945,2.958,2.911,2.913,-0.045,-1.5213,12397526.41,3635770.753
510050.SH,20190424,2.963,2.971,2.982,2.914,2.958,-0.005,-0.1687,10072455.78,2971978.763
510050.SH,20190423,2.958,2.95,2.991,2.95,2.963,0.005,0.169,9439500.04,2798566.589
510050.SH,20190422,3.024,3.028,3.034,2.942,2.958,-0.066,-2.1825,14598093.79,4353392.912
510050.SH,20190419,2.987,2.997,3.031,2.97,3.024,0.037,1.2387,15202930.34,4568266.831
510050.SH,20190418,2.997,2.995,3.002,2.977,2.987,-0.01,-0.3337,6078747.23,1817812.049
510050.SH,20190417,3.008,3.006,3.022,2.977,2.997,-0.011,-0.3657,10581546.03,3173801.877
510050.SH,20190416,2.906,2.898,3.009,2.892,3.008,0.102,3.51,13926162.44,4123776.079
510050.SH,20190415,2.906,2.955,2.982,2.904,2.906,0.0,0.0,13319602.62,3931882.427
510050.SH,20190412,2.912,2.902,2.919,2.89,2.906,-0.006,-0.206,7515562.77,2181532.828
510050.SH,20190411,2.964,2.962,2.986,2.901,2.912,-0.052,-1.7544,7894175.27,2318632.15
510050.SH,20190410,2.949,2.94,2.982,2.921,2.964,0.015,0.5086,11926745.85,3510648.956
510050.SH,20190409,2.943,2.947,2.966,2.929,2.949,0.006,0.2039,9051297.9,2668253.389
510050.SH,20190408,2.939,2.96,2.994,2.919,2.943,0.004,0.1361,9342055.62,2764710.708
510050.SH,20190404,2.901,2.912,2.945,2.9,2.939,0.038,1.3099,7566706.85,2212957.462
510050.SH,20190403,2.872,2.857,2.911,2.85,2.901,0.029,1.0097,8106146.46,2336498.093
510050.SH,20190402,2.874,2.88,2.889,2.861,2.872,-0.002,-0.0696,9152982.6,2630369.288
510050.SH,20190401,2.819,2.84,2.895,2.84,2.874,0.055,1.951,12038079.76,3460511.613
510050.SH,20190329,2.718,2.727,2.831,2.727,2.819,0.101,3.716,13937175.72,3894966.398
510050.SH,20190328,2.723,2.713,2.726,2.691,2.718,-0.005,-0.1836,5925132.65,1605788.919
510050.SH,20190327,2.692,2.702,2.733,2.7,2.723,0.031,1.1516,10458999.47,2843215.117
510050.SH,20190326,2.702,2.72,2.724,2.68,2.692,-0.01,-0.3701,8927310.16,2409066.17
510050.SH,20190325,2.777,2.738,2.75,2.698,2.702,-0.075,-2.7008,13741667.4,3744881.139
510050.SH,20190322,2.784,2.784,2.798,2.753,2.777,-0.007,-0.2514,7409310.37,2056814.36
510050.SH,20190321,2.794,2.799,2.807,2.781,2.784,-0.01,-0.3579,8080939.44,2256473.755
510050.SH,20190320,2.79,2.784,2.817,2.77,2.794,0.004,0.1434,10519820.52,2937599.644
510050.SH,20190319,2.812,2.815,2.828,2.783,2.79,-0.022,-0.7824,8228645.1,2306384.742
510050.SH,20190318,2.74,2.743,2.814,2.734,2.812,0.072,2.6277,13311526.47,3696610.889
510050.SH,20190315,2.71,2.717,2.767,2.717,2.74,0.03,1.107,12821664.7,3515524.3
510050.SH,20190314,2.706,2.701,2.736,2.699,2.71,0.004,0.1478,10705055.52,2912476.146
510050.SH,20190313,2.701,2.713,2.733,2.682,2.706,0.005,0.1851,13146828.56,3561083.448
510050.SH,20190312,2.69,2.715,2.744,2.687,2.701,0.011,0.4089,13231733.71,3593093.81
510050.SH,20190311,2.675,2.673,2.701,2.655,2.69,0.015,0.5607,10446343.72,2799492.683
510050.SH,20190308,2.773,2.726,2.74,2.671,2.675,-0.098,-3.5341,11442307.52,3087545.163
510050.SH,20190307,2.82,2.811,2.813,2.756,2.773,-0.047,-1.6667,10880304.46,3026110.293
510050.SH,20190306,2.813,2.812,2.832,2.777,2.82,0.007,0.2488,12809075.36,3590201.85
510050.SH,20190305,2.815,2.812,2.822,2.791,2.813,-0.002,-0.071,8937557.03,2508877.95
510050.SH,20190304,2.802,2.821,2.897,2.798,2.815,0.013,0.464,15570769.67,4416759.46
510050.SH,20190301,2.736,2.75,2.806,2.733,2.802,0.066,2.4123,10116501.46,2797615.029
510050.SH,20190228,2.736,2.736,2.758,2.724,2.736,0.0,0.0,7281764.67,1994954.639
510050.SH,20190227,2.728,2.729,2.782,2.707,2.736,0.008,0.2933,13528106.47,3716335.33
510050.SH,20190226,2.816,2.8,2.8,2.717,2.728,-0.088,-3.125,17951760.19,4962554.885
510050.SH,20190225,2.618,2.645,2.829,2.64,2.816,0.198,7.563,18873596.41,5123904.64
510050.SH,20190222,2.566,2.562,2.62,2.546,2.618,0.052,2.0265,8409185.33,2166137.573
510050.SH,20190221,2.577,2.575,2.604,2.558,2.566,-0.011,-0.4269,10241011.32,2639159.388
510050.SH,20190220,2.567,2.581,2.588,2.56,2.577,0.01,0.3896,4916327.35,1266630.625
510050.SH,20190219,2.571,2.575,2.604,2.557,2.567,-0.004,-0.1556,10788713.06,2781595.168
510050.SH,20190218,2.511,2.529,2.573,2.529,2.571,0.06,2.3895,11739115.71,3002852.943
510050.SH,20190215,2.567,2.56,2.562,2.505,2.511,-0.056,-2.1815,8525067.53,2159447.808
510050.SH,20190214,2.571,2.565,2.578,2.557,2.567,-0.004,-0.1556,7113019.6,1826332.218
510050.SH,20190213,2.524,2.525,2.581,2.519,2.571,0.047,1.8621,7008007.92,1787558.222
510050.SH,20190212,2.516,2.517,2.529,2.506,2.524,0.008,0.318,4140549.0,1042670.793
510050.SH,20190211,2.492,2.482,2.518,2.475,2.516,0.024,0.9631,6242696.17,1560662.785
510050.SH,20190201,2.474,2.49,2.494,2.469,2.492,0.018,0.7276,5071088.6,1258934.267
510050.SH,20190131,2.437,2.447,2.478,2.443,2.474,0.037,1.5183,7068258.45,1743023.618
510050.SH,20190130,2.448,2.435,2.455,2.431,2.437,-0.011,-0.4493,4510495.3,1101487.89
510050.SH,20190129,2.43,2.426,2.454,2.417,2.448,0.018,0.7407,5789639.55,1409218.099
510050.SH,20190128,2.433,2.447,2.465,2.421,2.43,-0.003,-0.1233,4639326.76,1135339.866
510050.SH,20190125,2.403,2.412,2.445,2.407,2.433,0.03,1.2484,8426651.98,2049554.356
510050.SH,20190124,2.392,2.395,2.407,2.377,2.403,0.011,0.4599,5484315.05,1314224.68
510050.SH,20190123,2.396,2.389,2.408,2.384,2.392,-0.004,-0.1669,5503876.86,1318478.513
510050.SH,20190122,2.424,2.423,2.423,2.39,2.396,-0.028,-1.1551,6184660.58,1485736.011
510050.SH,20190121,2.409,2.407,2.437,2.406,2.424,0.015,0.6227,5361803.15,1300447.871
510050.SH,20190118,2.365,2.375,2.414,2.373,2.409,0.044,1.8605,6251104.81,1498472.809
510050.SH,20190117,2.374,2.378,2.391,2.362,2.365,-0.009,-0.3791,3965942.89,942012.678
510050.SH,20190116,2.37,2.368,2.377,2.357,2.374,0.004,0.1688,4770962.26,1129702.841
510050.SH,20190115,2.325,2.33,2.372,2.328,2.37,0.045,1.9355,11551682.37,2720673.357
510050.SH,20190114,2.347,2.342,2.346,2.324,2.325,-0.022,-0.9374,4351588.41,1014762.935
510050.SH,20190111,2.328,2.331,2.355,2.328,2.347,0.019,0.8162,6140104.16,1438014.466
510050.SH,20190110,2.325,2.325,2.34,2.314,2.328,0.003,0.129,5419559.27,1261251.534
510050.SH,20190109,2.3,2.313,2.353,2.311,2.325,0.025,1.087,10274108.89,2401047.91
510050.SH,20190108,2.307,2.307,2.307,2.294,2.3,-0.007,-0.3034,3908305.38,898453.538
510050.SH,20190107,2.31,2.32,2.325,2.299,2.307,-0.003,-0.1299,5897834.89,1362653.387
510050.SH,20190104,2.261,2.248,2.312,2.246,2.31,0.049,2.1672,10940849.85,2504025.088
510050.SH,20190103,2.255,2.255,2.284,2.25,2.261,0.006,0.2661,6237331.84,1412693.946
510050.SH,20190102,2.286,2.291,2.294,2.246,2.255,-0.031,-1.3561,7570764.9,1712496.852
510050.SH,20181228,2.275,2.277,2.303,2.274,2.286,0.011,0.4835,9505151.86,2173070.031
510050.SH,20181227,2.275,2.304,2.309,2.268,2.275,0.0,0.0,6936089.54,1588103.576
510050.SH,20181226,2.292,2.289,2.297,2.271,2.275,-0.017,-0.7417,11515722.34,2628114.094
510050.SH,20181225,2.304,2.283,2.306,2.251,2.292,-0.012,-0.5208,16703674.88,3799465.808
510050.SH,20181224,2.302,2.289,2.31,2.281,2.304,0.002,0.0869,8199044.26,1882592.032
510050.SH,20181221,2.331,2.322,2.325,2.283,2.302,-0.029,-1.2441,7960322.29,1827648.11
510050.SH,20181220,2.365,2.36,2.369,2.312,2.331,-0.034,-1.4376,8889662.24,2075575.6
510050.SH,20181219,2.391,2.394,2.398,2.359,2.365,-0.026,-1.0874,6794289.65,1616954.83
510050.SH,20181218,2.42,2.408,2.423,2.386,2.391,-0.029,-1.1983,8157812.27,1959459.228
510050.SH,20181217,2.423,2.418,2.428,2.407,2.42,-0.003,-0.1238,9597185.17,2320703.537
510050.SH,20181214,2.453,2.445,2.445,2.422,2.423,-0.03,-1.223,6044367.66,1469223.498
510050.SH,20181213,2.419,2.421,2.464,2.421,2.453,0.034,1.4055,8958024.76,2194111.741
510050.SH,20181212,2.413,2.428,2.431,2.412,2.419,0.006,0.2487,6210199.24,1503005.768
510050.SH,20181211,2.408,2.408,2.417,2.404,2.413,0.005,0.2076,7180797.77,1730496.316
510050.SH,20181210,2.425,2.412,2.424,2.398,2.408,-0.017,-0.701,8166439.14,1966348.639
510050.SH,20181207,2.433,2.44,2.443,2.425,2.425,-0.008,-0.3288,7015264.23,1707456.849
510050.SH,20181206,2.479,2.455,2.46,2.431,2.433,-0.046,-1.8556,10326016.49,2520416.104
510050.SH,20181205,2.49,2.466,2.489,2.464,2.479,-0.011,-0.4418,6437242.57,1595598.317
510050.SH,20181204,2.482,2.482,2.496,2.475,2.49,0.008,0.3223,5166924.55,1284125.862
510050.SH,20181203,2.425,2.49,2.494,2.463,2.482,0.057,2.3505,7429891.87,1844693.591
510050.SH,20181130,2.453,2.45,2.479,2.448,2.474,0.021,0.8561,6303394.99,1554387.434
510050.SH,20181129,2.466,2.479,2.486,2.451,2.453,-0.013,-0.5272,5094377.04,1258887.035
510050.SH,20181128,2.439,2.44,2.472,2.439,2.466,0.027,1.107,9237852.22,2270958.157
510050.SH,20181127,2.45,2.453,2.462,2.432,2.439,-0.011,-0.449,7923000.29,1938288.584
510050.SH,20181126,2.442,2.453,2.47,2.437,2.45,0.008,0.3276,9171852.16,2248868.03
510050.SH,20181123,2.483,2.482,2.489,2.438,2.442,-0.041,-1.6512,7557891.3,1859303.052
510050.SH,20181122,2.497,2.501,2.504,2.47,2.483,-0.014,-0.5607,6037057.21,1498767.907
510050.SH,20181121,2.498,2.48,2.503,2.476,2.497,-0.001,-0.04,6759450.54,1684666.465
510050.SH,20181120,2.54,2.523,2.532,2.491,2.498,-0.042,-1.6535,7450939.07,1869895.57
510050.SH,20181119,2.507,2.511,2.54,2.511,2.54,0.033,1.3163,8821221.36,2230974.012
510050.SH,20181116,2.505,2.506,2.53,2.489,2.507,0.002,0.0798,8651753.74,2173632.881
510050.SH,20181115,2.475,2.475,2.506,2.474,2.505,0.03,1.2121,6636932.58,1655348.237
510050.SH,20181114,2.509,2.507,2.508,2.471,2.475,-0.034,-1.3551,6731566.5,1673788.381
510050.SH,20181113,2.49,2.461,2.524,2.458,2.509,0.019,0.7631,9301776.52,2315689.623
510050.SH,20181112,2.48,2.477,2.495,2.467,2.49,0.01,0.4032,7608103.24,1889158.465
510050.SH,20181109,2.537,2.52,2.52,2.48,2.48,-0.057,-2.2467,12441089.31,3107304.443
510050.SH,20181108,2.528,2.551,2.561,2.53,2.537,0.009,0.356,6577376.37,1673227.225
510050.SH,20181107,2.546,2.55,2.571,2.524,2.528,-0.018,-0.707,7524801.72,1914198.097
510050.SH,20181106,2.558,2.553,2.558,2.527,2.546,-0.012,-0.4691,7271512.39,1847724.176
510050.SH,20181105,2.594,2.573,2.573,2.539,2.558,-0.036,-1.3878,7506374.26,1919837.121
510050.SH,20181102,2.507,2.57,2.596,2.536,2.594,0.087,3.4703,17200345.22,4417454.63
510050.SH,20181101,2.496,2.52,2.548,2.502,2.507,0.011,0.4407,10972874.85,2772464.245
510050.SH,20181031,2.463,2.472,2.508,2.458,2.496,0.033,1.3398,11289132.71,2806521.875
510050.SH,20181030,2.431,2.424,2.496,2.422,2.463,0.032,1.3163,13959948.24,3433249.609
510050.SH,20181029,2.516,2.51,2.525,2.421,2.431,-0.085,-3.3784,13053057.26,3208841.956
510050.SH,20181026,2.531,2.537,2.55,2.492,2.516,-0.015,-0.5927,9156340.76,2307347.593
510050.SH,20181025,2.525,2.47,2.537,2.461,2.531,0.006,0.2376,10730785.21,2680100.189
510050.SH,20181024,2.511,2.506,2.579,2.506,2.525,0.014,0.5575,17119307.21,4342598.099
510050.SH,20181023,2.599,2.592,2.599,2.498,2.511,-0.088,-3.3859,17429975.72,4447503.08
510050.SH,20181022,2.491,2.53,2.621,2.511,2.599,0.108,4.3356,21739074.49,5601993.715
510050.SH,20181019,2.419,2.398,2.5,2.394,2.491,0.072,2.9764,14075977.7,3459759.479
510050.SH,20181018,2.477,2.46,2.464,2.417,2.419,-0.058,-2.3415,8560992.87,2089517.335
510050.SH,20181017,2.467,2.499,2.506,2.431,2.477,0.01,0.4054,15095397.47,3739517.266
510050.SH,20181016,2.463,2.466,2.51,2.453,2.467,0.004,0.1624,10289539.87,2553136.179
510050.SH,20181015,2.494,2.498,2.499,2.459,2.463,-0.031,-1.243,7111627.97,1761238.494
510050.SH,20181012,2.439,2.446,2.505,2.442,2.494,0.055,2.255,11914450.9,2944757.011
510050.SH,20181011,2.545,2.465,2.497,2.415,2.439,-0.106,-4.165,17201447.97,4237190.646
510050.SH,20181010,2.545,2.548,2.569,2.522,2.545,0.0,0.0,9237275.4,2352262.291
510050.SH,20181009,2.533,2.536,2.559,2.527,2.545,0.012,0.4737,6857269.92,1744365.478
510050.SH,20181008,2.659,2.6,2.61,2.53,2.533,-0.126,-4.7386,13812960.13,3549752.821
510050.SH,20180928,2.628,2.634,2.674,2.634,2.659,0.031,1.1796,9357883.93,2482063.284
510050.SH,20180927,2.638,2.63,2.639,2.616,2.628,-0.01,-0.3791,7091972.6,1863219.042
510050.SH,20180926,2.6,2.608,2.665,2.607,2.638,0.038,1.4615,12509340.54,3303371.02
510050.SH,20180925,2.632,2.601,2.612,2.59,2.6,-0.032,-1.2158,8793921.09,2289129.051
510050.SH,20180921,2.541,2.546,2.637,2.54,2.632,0.091,3.5813,12526019.11,3237850.345
510050.SH,20180920,2.538,2.541,2.555,2.535,2.541,0.003,0.1182,5630914.83,1432342.704
510050.SH,20180919,2.513,2.507,2.557,2.502,2.538,0.025,0.9948,11346627.7,2875976.142
510050.SH,20180918,2.452,2.444,2.515,2.441,2.513,0.061,2.4878,6257165.66,1553404.157
510050.SH,20180917,2.475,2.46,2.469,2.449,2.452,-0.023,-0.9293,3587507.01,881489.679
510050.SH,20180914,2.466,2.469,2.486,2.46,2.475,0.009,0.365,4774951.05,1181294.349
510050.SH,20180913,2.432,2.462,2.471,2.434,2.466,0.034,1.398,7191134.53,1763511.049
510050.SH,20180912,2.449,2.444,2.451,2.426,2.432,-0.017,-0.6942,5386638.69,1312714.761
510050.SH,20180911,2.466,2.464,2.476,2.44,2.449,-0.017,-0.6894,7483562.09,1840034.079
510050.SH,20180910,2.491,2.485,2.495,2.464,2.466,-0.025,-1.0036,5473959.25,1353494.447
510050.SH,20180907,2.466,2.474,2.51,2.466,2.491,0.025,1.0138,4721382.95,1175338.288
510050.SH,20180906,2.487,2.484,2.502,2.458,2.466,-0.021,-0.8444,4450224.13,1104004.931
510050.SH,20180905,2.55,2.537,2.543,2.485,2.487,-0.063,-2.4706,6162962.5,1548682.801
510050.SH,20180904,2.512,2.514,2.558,2.499,2.55,0.038,1.5127,5871698.78,1487512.798
510050.SH,20180903,2.521,2.508,2.52,2.492,2.512,-0.009,-0.357,3499668.38,878201.625
510050.SH,20180831,2.533,2.51,2.54,2.503,2.521,-0.012,-0.4737,5658302.65,1426387.351
510050.SH,20180830,2.553,2.556,2.57,2.528,2.533,-0.02,-0.7834,3425790.06,872319.226
510050.SH,20180829,2.56,2.557,2.564,2.549,2.553,-0.007,-0.2734,2354116.96,601329.629
510050.SH,20180828,2.571,2.575,2.583,2.553,2.56,-0.011,-0.4278,2902311.14,744864.639
510050.SH,20180827,2.523,2.534,2.572,2.53,2.571,0.048,1.9025,4604967.84,1175414.969
510050.SH,20180824,2.509,2.5,2.546,2.485,2.523,0.014,0.558,4602932.48,1157069.157
510050.SH,20180823,2.499,2.5,2.523,2.482,2.509,0.01,0.4002,4828294.52,1210743.787
510050.SH,20180822,2.496,2.509,2.509,2.483,2.499,0.003,0.1202,5712116.15,1425145.025
510050.SH,20180821,2.458,2.46,2.51,2.456,2.496,0.038,1.546,7343200.29,1829181.714
510050.SH,20180820,2.42,2.427,2.46,2.418,2.458,0.038,1.5702,5971887.62,1457281.952
510050.SH,20180817,2.453,2.475,2.478,2.414,2.42,-0.033,-1.3453,6223785.15,1521311.297
510050.SH,20180816,2.454,2.431,2.481,2.409,2.453,-0.001,-0.0407,7376080.91,1809777.877
510050.SH,20180815,2.518,2.516,2.516,2.449,2.454,-0.064,-2.5417,5204053.87,1289373.593
510050.SH,20180814,2.526,2.523,2.532,2.502,2.518,-0.008,-0.3167,4013338.1,1009904.102
510050.SH,20180813,2.551,2.529,2.538,2.49,2.526,-0.025,-0.98,5088586.78,1280851.45
510050.SH,20180810,2.551,2.551,2.567,2.533,2.551,0.0,0.0,5303562.97,1352598.134
510050.SH,20180809,2.494,2.486,2.559,2.483,2.551,0.057,2.2855,5629503.87,1428628.901
510050.SH,20180808,2.53,2.525,2.53,2.488,2.494,-0.036,-1.4229,5046803.45,1266377.786
510050.SH,20180807,2.455,2.462,2.531,2.455,2.53,0.075,3.055,6747789.66,1681969.65
510050.SH,20180806,2.457,2.458,2.494,2.438,2.455,-0.002,-0.0814,6107523.93,1505697.491
510050.SH,20180803,2.484,2.484,2.499,2.456,2.457,-0.027,-1.087,4492235.12,1114037.048
510050.SH,20180802,2.537,2.528,2.535,2.46,2.484,-0.053,-2.0891,7211972.56,1799665.064
510050.SH,20180801,2.595,2.607,2.621,2.533,2.537,-0.058,-2.2351,6281027.05,1620680.737
510050.SH,20180731,2.587,2.584,2.606,2.573,2.595,0.008,0.3092,4770616.2,1234773.033
510050.SH,20180730,2.575,2.568,2.61,2.565,2.587,0.012,0.466,5541798.99,1432906.028
510050.SH,20180727,2.575,2.575,2.591,2.563,2.575,0.0,0.0,4064616.17,1047116.177
510050.SH,20180726,2.609,2.614,2.625,2.573,2.575,-0.034,-1.3032,3793583.65,984700.356
510050.SH,20180725,2.61,2.619,2.621,2.598,2.609,-0.001,-0.0383,3908850.52,1019348.349
510050.SH,20180724,2.569,2.576,2.626,2.576,2.61,0.041,1.596,6654713.79,1737849.206
510050.SH,20180723,2.54,2.527,2.579,2.525,2.569,0.029,1.1417,7761373.76,1981644.976
510050.SH,20180720,2.474,2.474,2.553,2.452,2.54,0.066,2.6677,9077772.27,2276190.185
510050.SH,20180719,2.463,2.474,2.5,2.463,2.474,0.011,0.4466,3966762.68,983572.899
510050.SH,20180718,2.475,2.481,2.505,2.461,2.463,-0.012,-0.4848,5627098.4,1397269.596
510050.SH,20180717,2.49,2.489,2.492,2.459,2.475,-0.015,-0.6024,4208749.39,1040571.099
510050.SH,20180716,2.509,2.508,2.524,2.478,2.49,-0.019,-0.7573,3981412.05,992598.503
510050.SH,20180713,2.505,2.513,2.517,2.498,2.509,0.004,0.1597,3347763.99,839484.675
510050.SH,20180712,2.454,2.452,2.523,2.452,2.505,0.051,2.0782,5398262.6,1346598.282
510050.SH,20180711,2.493,2.445,2.465,2.429,2.454,-0.039,-1.5644,5042944.45,1235755.085
510050.SH,20180710,2.496,2.495,2.501,2.472,2.493,-0.003,-0.1202,4163678.25,1035850.728
510050.SH,20180709,2.425,2.436,2.497,2.435,2.496,0.071,2.9278,6107861.06,1508009.103
510050.SH,20180706,2.391,2.399,2.445,2.37,2.425,0.034,1.422,7491591.42,1808783.334
510050.SH,20180705,2.39,2.39,2.419,2.371,2.391,0.001,0.0418,4806742.36,1151142.241
510050.SH,20180704,2.41,2.404,2.423,2.384,2.39,-0.02,-0.8299,4279748.71,1028244.125
510050.SH,20180703,2.402,2.412,2.417,2.351,2.41,0.008,0.3331,7498297.69,1794299.172
510050.SH,20180702,2.495,2.49,2.49,2.387,2.402,-0.093,-3.7275,7882834.71,1927517.679
510050.SH,20180629,2.441,2.451,2.5,2.448,2.495,0.054,2.2122,5735634.38,1420601.354
510050.SH,20180628,2.465,2.451,2.48,2.433,2.441,-0.024,-0.9736,4680164.23,1148721.672
510050.SH,20180627,2.52,2.515,2.53,2.451,2.465,-0.055,-2.1825,7526618.54,1868552.495
510050.SH,20180626,2.548,2.536,2.536,2.483,2.52,-0.028,-1.0989,6896945.61,1734785.97
510050.SH,20180625,2.598,2.607,2.614,2.546,2.548,-0.05,-1.9246,5451130.43,1407392.107
510050.SH,20180622,2.592,2.585,2.605,2.571,2.598,0.006,0.2315,5145070.67,1331163.478
510050.SH,20180621,2.61,2.611,2.641,2.591,2.592,-0.018,-0.6897,6144921.67,1611735.975
510050.SH,20180620,2.612,2.602,2.621,2.584,2.61,-0.002,-0.0766,4734112.88,1233404.982
510050.SH,20180619,2.678,2.655,2.662,2.583,2.612,-0.066,-2.4645,8671085.53,2283778.528
510050.SH,20180615,2.675,2.676,2.69,2.668,2.678,0.003,0.1121,4369380.78,1171635.382
510050.SH,20180614,2.672,2.661,2.697,2.661,2.675,0.003,0.1123,5035938.83,1347711.515
510050.SH,20180613,2.688,2.683,2.687,2.667,2.672,-0.016,-0.5952,3181872.4,852019.566
510050.SH,20180612,2.663,2.663,2.696,2.653,2.688,0.025,0.9388,4969068.15,1330752.122
510050.SH,20180611,2.652,2.646,2.669,2.638,2.663,0.011,0.4148,3768374.7,1000289.958
510050.SH,20180608,2.694,2.692,2.692,2.641,2.652,-0.042,-1.559,4472014.74,1190246.531
510050.SH,20180607,2.686,2.696,2.717,2.691,2.694,0.008,0.2978,4520974.92,1221341.436
510050.SH,20180606,2.696,2.692,2.695,2.682,2.686,-0.01,-0.3709,2749741.97,739259.816
510050.SH,20180605,2.686,2.685,2.703,2.673,2.696,0.01,0.3723,3718050.52,999840.662
510050.SH,20180604,2.643,2.657,2.689,2.648,2.686,0.043,1.6269,4922161.45,1317343.68
510050.SH,20180601,2.651,2.644,2.658,2.632,2.643,-0.008,-0.3018,3435158.15,907807.495
510050.SH,20180531,2.601,2.62,2.657,2.617,2.651,0.05,1.9223,5139408.84,1354095.28
510050.SH,20180530,2.655,2.631,2.632,2.6,2.601,-0.054,-2.0339,6091947.36,1595058.091
510050.SH,20180529,2.668,2.666,2.671,2.635,2.655,-0.013,-0.4873,5280081.32,1400824.237
510050.SH,20180528,2.654,2.658,2.68,2.648,2.668,0.014,0.5275,5349198.71,1425988.59
510050.SH,20180525,2.655,2.658,2.675,2.644,2.654,-0.001,-0.0377,3615520.52,962077.764
510050.SH,20180524,2.672,2.673,2.683,2.654,2.655,-0.017,-0.6362,3345195.22,893110.906
510050.SH,20180523,2.717,2.711,2.711,2.67,2.672,-0.045,-1.6562,7872361.55,2113780.908
510050.SH,20180522,2.736,2.736,2.737,2.7,2.717,-0.019,-0.6944,6090915.59,1654159.201
510050.SH,20180521,2.733,2.751,2.758,2.728,2.736,0.003,0.1098,6719152.95,1844031.441
510050.SH,20180518,2.689,2.69,2.734,2.682,2.733,0.044,1.6363,6539614.77,1771701.744
510050.SH,20180517,2.705,2.711,2.715,2.688,2.689,-0.016,-0.5915,3661169.5,988869.765
510050.SH,20180516,2.74,2.732,2.735,2.702,2.705,-0.035,-1.2774,6786815.05,1843251.978
510050.SH,20180515,2.745,2.752,2.754,2.722,2.74,-0.005,-0.1821,3967040.66,1084784.173
510050.SH,20180514,2.716,2.725,2.754,2.725,2.745,0.029,1.0677,5675991.42,1556725.463
510050.SH,20180511,2.723,2.729,2.733,2.713,2.716,-0.007,-0.2571,4103602.33,1117242.122
510050.SH,20180510,2.711,2.716,2.734,2.702,2.723,0.012,0.4426,5215803.69,1417977.081
510050.SH,20180509,2.714,2.712,2.717,2.697,2.711,-0.003,-0.1105,3486344.32,943859.483
510050.SH,20180508,2.674,2.675,2.727,2.673,2.714,0.04,1.4959,7808507.3,2113864.275
510050.SH,20180507,2.634,2.642,2.679,2.628,2.674,0.04,1.5186,5610542.57,1491859.998
510050.SH,20180504,2.654,2.648,2.661,2.632,2.634,-0.02,-0.7536,4249559.68,1124222.082
510050.SH,20180503,2.646,2.639,2.666,2.617,2.654,0.008,0.3023,4991656.04,1319272.213
510050.SH,20180502,2.642,2.652,2.662,2.629,2.646,0.004,0.1514,5254244.12,1390071.333
510050.SH,20180427,2.655,2.665,2.668,2.603,2.642,-0.013,-0.4896,8263366.3,2179340.237
510050.SH,20180426,2.693,2.704,2.711,2.644,2.655,-0.038,-1.4111,5129491.85,1370684.895
510050.SH,20180425,2.718,2.703,2.712,2.69,2.693,-0.025,-0.9198,5765261.97,1556493.754
510050.SH,20180424,2.658,2.663,2.732,2.663,2.718,0.06,2.2573,10363734.0,2805969.429
510050.SH,20180423,2.637,2.625,2.665,2.625,2.658,0.021,0.7964,5832207.68,1545776.179
510050.SH,20180420,2.676,2.665,2.673,2.624,2.637,-0.039,-1.4574,7326092.2,1936764.933
510050.SH,20180419,2.643,2.652,2.688,2.646,2.676,0.033,1.2486,5487971.5,1466478.935
510050.SH,20180418,2.626,2.658,2.662,2.618,2.643,0.017,0.6474,8331652.88,2200641.845
510050.SH,20180417,2.655,2.661,2.678,2.622,2.626,-0.029,-1.0923,7427396.7,1970885.394
510050.SH,20180416,2.717,2.708,2.718,2.65,2.655,-0.062,-2.2819,6860905.25,1834639.043
510050.SH,20180413,2.742,2.755,2.764,2.714,2.717,-0.025,-0.9117,4384862.54,1199489.591
510050.SH,20180412,2.775,2.775,2.778,2.74,2.742,-0.033,-1.1892,4629887.09,1277055.672
510050.SH,20180411,2.775,2.775,2.795,2.761,2.775,0.0,0.0,7025353.27,1952370.825
510050.SH,20180410,2.711,2.713,2.776,2.705,2.775,0.064,2.3608,6981827.92,1911887.307
510050.SH,20180409,2.694,2.698,2.716,2.683,2.711,0.017,0.631,4457497.35,1205290.004
510050.SH,20180404,2.693,2.702,2.725,2.688,2.694,0.001,0.0371,4260190.22,1153924.587
510050.SH,20180403,2.702,2.682,2.708,2.676,2.693,-0.009,-0.3331,4126589.67,1109466.828
510050.SH,20180402,2.713,2.71,2.751,2.695,2.702,-0.011,-0.4055,5701730.05,1550314.34
510050.SH,20180330,2.734,2.733,2.735,2.708,2.713,-0.021,-0.7681,5197398.19,1414041.47
510050.SH,20180329,2.688,2.692,2.753,2.651,2.734,0.046,1.7113,7055855.41,1905708.016
510050.SH,20180328,2.739,2.71,2.74,2.678,2.688,-0.051,-1.862,6802531.8,1838408.907
510050.SH,20180327,2.734,2.765,2.774,2.717,2.739,0.005,0.1829,5944176.12,1631765.668
510050.SH,20180326,2.781,2.764,2.768,2.702,2.734,-0.047,-1.69,6158116.33,1683043.369
510050.SH,20180323,2.857,2.78,2.794,2.743,2.781,-0.076,-2.6601,6577138.36,1824960.347
510050.SH,20180322,2.884,2.885,2.898,2.842,2.857,-0.027,-0.9362,4467999.97,1279916.65
510050.SH,20180321,2.895,2.92,2.924,2.871,2.884,-0.011,-0.38,4386752.17,1273673.068
510050.SH,20180320,2.892,2.876,2.901,2.871,2.895,0.003,0.1037,3095612.53,892921.489
510050.SH,20180319,2.862,2.863,2.893,2.85,2.892,0.03,1.0482,4183281.98,1201754.748
510050.SH,20180316,2.89,2.891,2.905,2.861,2.862,-0.028,-0.9689,4296440.43,1239769.679
510050.SH,20180315,2.863,2.856,2.891,2.852,2.89,0.027,0.9431,3327447.95,958410.016
510050.SH,20180314,2.873,2.864,2.874,2.853,2.863,-0.01,-0.3481,3079108.46,881510.46
510050.SH,20180313,2.905,2.906,2.916,2.869,2.873,-0.032,-1.1015,6110263.19,1764288.853
510050.SH,20180312,2.903,2.916,2.923,2.894,2.905,0.002,0.0689,5242508.59,1524123.075
510050.SH,20180309,2.893,2.9,2.913,2.885,2.903,0.01,0.3457,4157863.55,1205019.645
510050.SH,20180308,2.871,2.873,2.898,2.86,2.893,0.022,0.7663,3382254.01,975051.055
510050.SH,20180307,2.888,2.888,2.917,2.859,2.871,-0.017,-0.5886,6929035.17,2001643.05
510050.SH,20180306,2.855,2.875,2.889,2.83,2.888,0.033,1.1559,5321614.49,1525238.009
510050.SH,20180305,2.856,2.858,2.889,2.837,2.855,-0.001,-0.035,4844539.43,1385442.491
510050.SH,20180302,2.884,2.862,2.884,2.846,2.856,-0.028,-0.9709,3424885.11,980550.49
510050.SH,20180301,2.871,2.852,2.904,2.849,2.884,0.013,0.4528,4505127.59,1298810.206
510050.SH,20180228,2.92,2.898,2.902,2.858,2.871,-0.049,-1.6781,6043608.11,1741070.931
510050.SH,20180227,2.965,2.973,2.976,2.912,2.92,-0.045,-1.5177,6385342.03,1873449.111
510050.SH,20180226,2.955,2.97,2.989,2.927,2.965,0.01,0.3384,6511913.47,1927924.081
510050.SH,20180223,2.925,2.934,2.962,2.924,2.955,0.03,1.0256,3510744.27,1032836.958
510050.SH,20180222,2.866,2.907,2.939,2.894,2.925,0.059,2.0586,3632410.17,1059208.023
510050.SH,20180214,2.848,2.856,2.873,2.837,2.866,0.018,0.632,2596548.65,741460.212
510050.SH,20180213,2.8,2.829,2.884,2.828,2.848,0.048,1.7143,6035503.38,1723677.927
510050.SH,20180212,2.803,2.801,2.822,2.77,2.8,-0.003,-0.107,7828896.74,2193227.398
510050.SH,20180209,2.939,2.851,2.878,2.713,2.803,-0.136,-4.6274,18486013.12,5148844.906
510050.SH,20180208,3.023,3.0,3.016,2.907,2.939,-0.084,-2.7787,12060134.78,3578899.06
510050.SH,20180207,3.11,3.142,3.162,3.013,3.023,-0.087,-2.7974,13889274.08,4266528.853
510050.SH,20180206,3.18,3.131,3.146,3.089,3.11,-0.07,-2.2013,17298860.45,5384711.724
510050.SH,20180205,3.145,3.106,3.181,3.099,3.18,0.035,1.1129,8264981.16,2594426.926
510050.SH,20180202,3.134,3.11,3.148,3.076,3.145,0.011,0.351,7292157.06,2272216.717
510050.SH,20180201,3.113,3.115,3.136,3.096,3.134,0.021,0.6746,7010665.53,2186595.086
510050.SH,20180131,3.075,3.064,3.117,3.062,3.113,0.038,1.2358,5737693.04,1775467.538
510050.SH,20180130,3.114,3.106,3.124,3.072,3.075,-0.039,-1.2524,4501058.01,1394189.793
510050.SH,20180129,3.171,3.181,3.193,3.103,3.114,-0.057,-1.7975,7415258.38,2340129.048
510050.SH,20180126,3.15,3.145,3.195,3.141,3.171,0.021,0.6667,5974380.41,1895127.949
510050.SH,20180125,3.172,3.165,3.171,3.121,3.15,-0.022,-0.6936,6424868.65,2022418.278
510050.SH,20180124,3.173,3.184,3.195,3.146,3.172,-0.001,-0.0315,8496426.27,2699437.535
510050.SH,20180123,3.129,3.137,3.175,3.137,3.173,0.044,1.4062,9355638.94,2953636.24
510050.SH,20180122,3.113,3.103,3.139,3.092,3.129,0.016,0.514,6080782.75,1899510.274
510050.SH,20180119,3.106,3.116,3.14,3.096,3.113,0.007,0.2254,7679212.2,2397934.043
510050.SH,20180118,3.071,3.09,3.122,3.082,3.106,0.035,1.1397,6123523.57,1898899.83
510050.SH,20180117,3.064,3.064,3.127,3.055,3.071,0.007,0.2285,8383916.12,2590198.891
510050.SH,20180116,3.043,3.036,3.065,3.034,3.064,0.021,0.6901,4702502.18,1432989.391
510050.SH,20180115,3.018,3.021,3.065,3.018,3.043,0.025,0.8284,5852667.17,1781827.856
510050.SH,20180112,2.991,2.991,3.02,2.991,3.018,0.027,0.9027,3187761.74,957658.309
510050.SH,20180111,2.994,2.988,3.005,2.979,2.991,-0.003,-0.1002,3227392.87,965216.953
510050.SH,20180110,2.97,2.967,2.996,2.96,2.994,0.024,0.8081,4779056.89,1423989.574
510050.SH,20180109,2.944,2.942,2.97,2.941,2.97,0.026,0.8832,3097112.43,916676.148
510050.SH,20180108,2.933,2.927,2.951,2.925,2.944,0.011,0.375,3125530.92,918485.934
510050.SH,20180105,2.919,2.921,2.938,2.916,2.933,0.014,0.4796,3220088.3,942526.28
510050.SH,20180104,2.912,2.913,2.932,2.909,2.919,0.007,0.2404,3084130.84,900344.767
510050.SH,20180103,2.907,2.909,2.945,2.906,2.912,0.005,0.172,5708742.97,1668821.383
510050.SH,20180102,2.858,2.864,2.909,2.862,2.907,0.049,1.7145,4776970.12,1383492.08
510050.SH,20171229,2.855,2.858,2.874,2.848,2.858,0.003,0.1051,2741056.61,783342.458
510050.SH,20171228,2.834,2.838,2.87,2.829,2.855,0.021,0.741,4516756.8,1288132.419
510050.SH,20171227,2.893,2.888,2.893,2.827,2.834,-0.059,-2.0394,8582376.84,2450851.505
510050.SH,20171226,2.876,2.877,2.897,2.866,2.893,0.017,0.5911,4927680.34,1420345.129
510050.SH,20171225,2.878,2.877,2.914,2.866,2.876,-0.002,-0.0695,5042697.83,1457666.986
510050.SH,20171222,2.893,2.887,2.898,2.874,2.878,-0.015,-0.5185,4101170.75,1184147.248
510050.SH,20171221,2.876,2.87,2.908,2.86,2.893,0.017,0.5911,5742876.41,1661198.953
510050.SH,20171220,2.87,2.87,2.885,2.861,2.876,0.006,0.2091,4072171.49,1169432.847
510050.SH,20171219,2.828,2.829,2.871,2.828,2.87,0.042,1.4851,5188905.47,1482025.037
510050.SH,20171218,2.816,2.815,2.843,2.815,2.828,0.012,0.4261,4561371.1,1290558.354
510050.SH,20171215,2.85,2.843,2.848,2.814,2.816,-0.034,-1.193,4522940.42,1279876.829
510050.SH,20171214,2.87,2.87,2.878,2.842,2.85,-0.02,-0.6969,4566913.39,1303628.49
510050.SH,20171213,2.846,2.85,2.878,2.836,2.87,0.024,0.8433,5433994.04,1552969.482
510050.SH,20171212,2.898,2.896,2.902,2.845,2.846,-0.052,-1.7943,3941618.35,1133773.016
510050.SH,20171211,2.865,2.865,2.899,2.856,2.898,0.033,1.1518,3870458.92,1114818.405
510050.SH,20171208,2.844,2.839,2.874,2.832,2.865,0.021,0.7384,4890595.88,1395786.224
510050.SH,20171207,2.871,2.87,2.877,2.826,2.844,-0.027,-0.9404,5970121.35,1699303.808
510050.SH,20171206,2.908,2.899,2.899,2.843,2.871,-0.037,-1.2724,4660555.6,1340233.057
510050.SH,20171205,2.858,2.85,2.92,2.847,2.908,0.05,1.7495,8923698.59,2581142.589
510050.SH,20171204,2.838,2.828,2.868,2.82,2.858,0.02,0.7047,2938001.99,837777.504
510050.SH,20171201,2.858,2.86,2.867,2.832,2.838,-0.02,-0.6998,4639455.91,1320220.344
510050.SH,20171130,2.89,2.88,2.898,2.85,2.858,-0.032,-1.1073,6357419.08,1825466.242
510050.SH,20171129,2.896,2.903,2.915,2.858,2.89,-0.006,-0.2072,4044882.35,1167154.68
510050.SH,20171128,2.912,2.909,2.91,2.876,2.896,-0.016,-0.5495,5085750.1,1472221.711
510050.SH,20171127,2.99,2.983,2.989,2.939,2.966,-0.024,-0.8027,6937885.36,2053789.717
510050.SH,20171124,2.991,2.987,3.004,2.963,2.99,-0.001,-0.0334,5941973.03,1771682.846
510050.SH,20171123,3.067,3.062,3.076,2.968,2.991,-0.076,-2.478,10107565.87,3061423.992
510050.SH,20171122,3.046,3.055,3.094,3.046,3.067,0.021,0.6894,6521079.08,2002279.539
510050.SH,20171121,2.996,2.985,3.071,2.981,3.046,0.05,1.6689,8072463.9,2454631.041
510050.SH,20171120,2.99,2.977,2.996,2.953,2.996,0.006,0.2007,5980591.78,1778111.161
510050.SH,20171117,2.932,2.925,2.993,2.923,2.99,0.058,1.9782,9210089.32,2723057.023
510050.SH,20171116,2.901,2.895,2.935,2.893,2.932,0.031,1.0686,4311724.92,1257602.101
510050.SH,20171115,2.913,2.906,2.917,2.896,2.901,-0.012,-0.4119,5185719.85,1505444.521
510050.SH,20171114,2.928,2.929,2.935,2.91,2.913,-0.015,-0.5123,4718732.53,1376845.137
510050.SH,20171113,2.918,2.921,2.939,2.918,2.928,0.01,0.3427,2990331.78,876122.558
510050.SH,20171110,2.885,2.883,2.922,2.88,2.918,0.033,1.1438,6372702.53,1847851.071
510050.SH,20171109,2.874,2.871,2.886,2.865,2.885,0.011,0.3827,4269429.19,1226904.798
510050.SH,20171108,2.875,2.874,2.899,2.867,2.874,-0.001,-0.0348,5710532.4,1644910.059
510050.SH,20171107,2.843,2.843,2.883,2.843,2.875,0.032,1.1256,6218318.6,1784292.76
510050.SH,20171106,2.851,2.846,2.848,2.83,2.843,-0.008,-0.2806,2854825.5,810443.077
510050.SH,20171103,2.847,2.844,2.855,2.826,2.851,0.004,0.1405,5519149.02,1567597.933
510050.SH,20171102,2.842,2.838,2.848,2.827,2.847,0.005,0.1759,4102266.75,1163057.145
510050.SH,20171101,2.851,2.851,2.87,2.836,2.842,-0.009,-0.3157,3781253.64,1078666.947
510050.SH,20171031,2.861,2.852,2.852,2.84,2.851,-0.01,-0.3495,2181659.28,620794.163
510050.SH,20171030,2.873,2.871,2.876,2.835,2.861,-0.012,-0.4177,5200350.3,1484354.162
510050.SH,20171027,2.827,2.827,2.874,2.823,2.873,0.046,1.6272,3332629.36,949395.897
510050.SH,20171026,2.802,2.808,2.843,2.804,2.827,0.025,0.8922,5212543.66,1472197.243
510050.SH,20171025,2.806,2.805,2.809,2.798,2.802,-0.004,-0.1426,3599678.79,1009114.451
510050.SH,20171024,2.791,2.785,2.813,2.785,2.806,0.015,0.5374,5566144.44,1560121.894
510050.SH,20171023,2.79,2.795,2.798,2.783,2.791,0.001,0.0358,2383304.78,664897.947
510050.SH,20171020,2.806,2.8,2.8,2.788,2.79,-0.016,-0.5702,1827301.39,510153.664
510050.SH,20171019,2.802,2.801,2.807,2.797,2.806,0.004,0.1428,3276864.41,918435.306
510050.SH,20171018,2.779,2.779,2.805,2.777,2.802,0.023,0.8276,6735698.32,1880157.944
510050.SH,20171017,2.781,2.78,2.786,2.772,2.779,-0.002,-0.0719,2424663.18,673853.132
510050.SH,20171016,2.771,2.77,2.793,2.77,2.781,0.01,0.3609,3127203.49,870273.124
510050.SH,20171013,2.773,2.772,2.775,2.766,2.771,-0.002,-0.0721,1618771.1,448532.364
510050.SH,20171012,2.762,2.76,2.777,2.754,2.773,0.011,0.3983,2035754.04,563156.715
510050.SH,20171011,2.746,2.747,2.768,2.746,2.762,0.016,0.5827,3333772.02,919223.942
510050.SH,20171010,2.75,2.749,2.764,2.728,2.746,-0.004,-0.1455,5950614.55,1630410.615
510050.SH,20171009,2.726,2.788,2.799,2.743,2.75,0.024,0.8804,5753671.64,1594735.054
510050.SH,20170929,2.715,2.717,2.735,2.716,2.726,0.011,0.4052,4708403.24,1285131.965
510050.SH,20170928,2.711,2.711,2.716,2.704,2.715,0.004,0.1475,2659988.72,720843.993
510050.SH,20170927,2.731,2.73,2.73,2.71,2.711,-0.02,-0.7323,6482281.0,1762188.432
510050.SH,20170926,2.729,2.727,2.735,2.724,2.731,0.002,0.0733,2489844.8,679930.009
510050.SH,20170925,2.729,2.722,2.733,2.717,2.729,0.0,0.0,3447473.0,939970.633
510050.SH,20170922,2.728,2.723,2.737,2.714,2.729,0.001,0.0367,2745850.65,748261.03
510050.SH,20170921,2.717,2.716,2.743,2.712,2.728,0.011,0.4049,2760949.52,752931.508
510050.SH,20170920,2.72,2.718,2.727,2.712,2.717,-0.003,-0.1103,2210194.52,601113.718
510050.SH,20170919,2.729,2.731,2.738,2.71,2.72,-0.009,-0.3298,3095470.0,843077.912
510050.SH,20170918,2.722,2.724,2.747,2.724,2.729,0.007,0.2572,3199706.91,875334.839
510050.SH,20170915,2.722,2.721,2.729,2.711,2.722,0.0,0.0,2610550.82,710081.234
510050.SH,20170914,2.739,2.74,2.746,2.715,2.722,-0.017,-0.6207,2794696.17,762805.558
510050.SH,20170913,2.746,2.744,2.746,2.73,2.739,-0.007,-0.2549,3070605.83,840991.788
510050.SH,20170912,2.73,2.735,2.749,2.726,2.746,0.016,0.5861,3787961.32,1036486.704
510050.SH,20170911,2.738,2.744,2.762,2.726,2.73,-0.008,-0.2922,3864359.42,1059500.054
510050.SH,20170908,2.743,2.744,2.753,2.73,2.738,-0.005,-0.1823,1906751.41,522797.028
510050.SH,20170907,2.764,2.767,2.772,2.74,2.743,-0.021,-0.7598,2675442.88,737847.09
510050.SH,20170906,2.782,2.775,2.778,2.757,2.764,-0.018,-0.647,3091919.76,855409.418
510050.SH,20170905,2.764,2.763,2.793,2.763,2.782,0.018,0.6512,3175202.71,881639.715
510050.SH,20170904,2.76,2.758,2.766,2.745,2.764,0.004,0.1449,2968715.01,818298.908
510050.SH,20170901,2.766,2.765,2.785,2.752,2.76,-0.006,-0.2169,4044970.28,1119582.562
510050.SH,20170831,2.774,2.778,2.787,2.753,2.766,-0.008,-0.2884,5842383.27,1615413.586
510050.SH,20170830,2.789,2.788,2.813,2.771,2.774,-0.015,-0.5378,3649440.01,1019236.22
510050.SH,20170829,2.788,2.786,2.797,2.777,2.789,0.001,0.0359,3519969.25,980874.792
510050.SH,20170828,2.757,2.765,2.818,2.765,2.788,0.031,1.1244,5554768.65,1551719.21
510050.SH,20170825,2.698,2.697,2.759,2.695,2.757,0.059,2.1868,4899013.66,1341031.73
510050.SH,20170824,2.708,2.709,2.724,2.69,2.698,-0.01,-0.3693,2450098.89,662794.932
510050.SH,20170823,2.689,2.689,2.721,2.686,2.708,0.019,0.7066,3033890.92,820917.331
510050.SH,20170822,2.663,2.668,2.69,2.663,2.689,0.026,0.9763,3995656.54,1069243.705
510050.SH,20170821,2.664,2.666,2.679,2.656,2.663,-0.001,-0.0375,2303134.35,613895.616
510050.SH,20170818,2.652,2.644,2.67,2.641,2.664,0.012,0.4525,2771559.32,736443.817
510050.SH,20170817,2.64,2.643,2.655,2.637,2.652,0.012,0.4545,1425335.58,377434.915
510050.SH,20170816,2.651,2.646,2.649,2.631,2.64,-0.011,-0.4149,1779781.71,469575.47
510050.SH,20170815,2.635,2.638,2.668,2.635,2.651,0.016,0.6072,3522193.18,935916.272
510050.SH,20170814,2.613,2.618,2.644,2.613,2.635,0.022,0.8419,3423437.3,900227.536
510050.SH,20170811,2.655,2.639,2.647,2.61,2.613,-0.042,-1.5819,3271999.01,858942.038
510050.SH,20170810,2.664,2.663,2.682,2.636,2.655,-0.009,-0.3378,3478412.37,923917.043
510050.SH,20170809,2.682,2.678,2.68,2.662,2.664,-0.018,-0.6711,2038579.42,544395.764
510050.SH,20170808,2.679,2.679,2.686,2.666,2.682,0.003,0.112,1451225.73,388381.988
510050.SH,20170807,2.671,2.667,2.689,2.659,2.679,0.008,0.2995,1938120.21,518280.896
510050.SH,20170804,2.689,2.687,2.699,2.67,2.671,-0.018,-0.6694,2245588.53,603190.552
510050.SH,20170803,2.728,2.724,2.737,2.689,2.689,-0.039,-1.4296,4339767.51,1177029.802
510050.SH,20170802,2.724,2.725,2.742,2.72,2.728,0.004,0.1468,3308423.99,903398.752
510050.SH,20170801,2.682,2.684,2.725,2.681,2.724,0.042,1.566,3144038.58,851505.649
510050.SH,20170731,2.68,2.678,2.692,2.671,2.682,0.002,0.0746,2307538.67,619016.748
510050.SH,20170728,2.677,2.673,2.686,2.665,2.68,0.003,0.1121,1610682.64,431091.446
510050.SH,20170727,2.677,2.673,2.685,2.656,2.677,0.0,0.0,2331159.2,622126.836
510050.SH,20170726,2.683,2.682,2.705,2.66,2.677,-0.006,-0.2236,4600481.31,1232188.007
510050.SH,20170725,2.7,2.7,2.71,2.681,2.683,-0.017,-0.6296,3742524.78,1009062.254
510050.SH,20170724,2.68,2.674,2.71,2.674,2.7,0.02,0.7463,3115064.1,840334.899
510050.SH,20170721,2.71,2.7,2.704,2.676,2.68,-0.03,-1.107,3724236.35,1003156.64
510050.SH,20170720,2.702,2.698,2.711,2.687,2.71,0.008,0.2961,4311090.86,1162782.113
510050.SH,20170719,2.659,2.66,2.703,2.659,2.702,0.043,1.6171,4137178.13,1111089.333
510050.SH,20170718,2.669,2.661,2.68,2.635,2.659,-0.01,-0.3747,5012166.93,1332585.903
510050.SH,20170717,2.665,2.668,2.705,2.637,2.669,0.004,0.1501,7414212.46,1982213.051
510050.SH,20170714,2.638,2.64,2.666,2.631,2.665,0.027,1.0235,2483724.6,657625.261
510050.SH,20170713,2.597,2.601,2.639,2.597,2.638,0.041,1.5787,3178567.11,833342.746
510050.SH,20170712,2.604,2.601,2.636,2.588,2.597,-0.007,-0.2688,3300303.16,862912.043
510050.SH,20170711,2.575,2.573,2.625,2.572,2.604,0.029,1.1262,3741320.73,973481.005
510050.SH,20170710,2.561,2.559,2.582,2.554,2.575,0.014,0.5467,2457108.97,632294.05
510050.SH,20170707,2.567,2.563,2.569,2.551,2.561,-0.006,-0.2337,2380477.27,609064.81
510050.SH,20170706,2.563,2.557,2.578,2.549,2.567,0.004,0.1561,2155174.15,552379.766
510050.SH,20170705,2.52,2.519,2.566,2.518,2.563,0.043,1.7063,2455481.73,624557.876
510050.SH,20170704,2.543,2.541,2.546,2.518,2.52,-0.023,-0.9044,2422040.84,611710.897
510050.SH,20170703,2.558,2.562,2.563,2.533,2.543,-0.015,-0.5864,1763846.55,448670.07
510050.SH,20170630,2.565,2.552,2.564,2.547,2.558,-0.007,-0.2729,1796644.71,459093.56
510050.SH,20170629,2.548,2.551,2.566,2.544,2.565,0.017,0.6672,1889145.56,482832.285
510050.SH,20170628,2.564,2.558,2.57,2.547,2.548,-0.016,-0.624,2585744.19,661507.49
510050.SH,20170627,2.554,2.55,2.568,2.541,2.564,0.01,0.3915,3131230.76,798792.323
510050.SH,20170626,2.543,2.544,2.57,2.542,2.554,0.011,0.4326,3383752.82,865557.808
510050.SH,20170623,2.524,2.519,2.544,2.508,2.543,0.019,0.7528,2881168.56,727611.538
510050.SH,20170622,2.509,2.504,2.555,2.493,2.524,0.015,0.5978,5262391.23,1331571.257
510050.SH,20170621,2.483,2.498,2.51,2.476,2.509,0.026,1.0471,3144251.6,784552.428
510050.SH,20170620,2.497,2.5,2.506,2.478,2.483,-0.014,-0.5607,1787608.7,444674.563
510050.SH,20170619,2.46,2.461,2.499,2.461,2.497,0.037,1.5041,2588611.73,643698.527
510050.SH,20170616,2.465,2.465,2.477,2.455,2.46,-0.005,-0.2028,2421800.63,597936.179
510050.SH,20170615,2.482,2.479,2.489,2.459,2.465,-0.017,-0.6849,3417638.76,843876.082
510050.SH,20170614,2.512,2.51,2.51,2.479,2.482,-0.03,-1.1943,2865079.21,713097.826
510050.SH,20170613,2.514,2.51,2.514,2.493,2.512,-0.002,-0.0796,2253672.63,564894.073
510050.SH,20170612,2.517,2.511,2.541,2.507,2.514,-0.003,-0.1192,2400504.17,605919.107
510050.SH,20170609,2.501,2.5,2.533,2.5,2.517,0.016,0.6397,3358548.76,846437.756
510050.SH,20170608,2.48,2.478,2.506,2.471,2.501,0.021,0.8468,2505981.5,623395.986
510050.SH,20170607,2.457,2.46,2.49,2.457,2.48,0.023,0.9361,2287067.49,566547.58
510050.SH,20170606,2.442,2.439,2.462,2.439,2.457,0.015,0.6143,2596411.98,636737.599
510050.SH,20170605,2.47,2.46,2.469,2.439,2.442,-0.028,-1.1336,2236129.54,547064.792
510050.SH,20170602,2.49,2.49,2.494,2.466,2.47,-0.02,-0.8032,2081019.94,515903.877
510050.SH,20170601,2.475,2.472,2.493,2.458,2.49,0.015,0.6061,1880518.76,466017.585
510050.SH,20170531,2.466,2.471,2.5,2.455,2.475,0.009,0.365,2429730.35,601892.73
510050.SH,20170526,2.47,2.464,2.481,2.454,2.466,-0.004,-0.1619,2042687.1,504004.88
510050.SH,20170525,2.399,2.394,2.477,2.393,2.47,0.071,2.9596,4586789.47,1120059.729
510050.SH,20170524,2.403,2.401,2.406,2.379,2.399,-0.004,-0.1665,2836901.13,678155.349
510050.SH,20170523,2.373,2.37,2.404,2.37,2.403,0.03,1.2642,4897236.91,1171074.128
510050.SH,20170522,2.355,2.356,2.377,2.354,2.373,0.018,0.7643,2710722.01,641943.72
510050.SH,20170519,2.35,2.349,2.357,2.347,2.355,0.005,0.2128,1394331.23,328209.327
510050.SH,20170518,2.358,2.347,2.357,2.344,2.35,-0.008,-0.3393,1901212.11,447008.176
510050.SH,20170517,2.379,2.375,2.378,2.357,2.358,-0.021,-0.8827,1570248.42,371254.876
510050.SH,20170516,2.374,2.368,2.379,2.36,2.379,0.005,0.2106,1872077.28,443240.905
510050.SH,20170515,2.37,2.374,2.389,2.372,2.374,0.004,0.1688,1804525.89,429557.309
510050.SH,20170512,2.334,2.331,2.37,2.331,2.37,0.036,1.5424,5479669.83,1292245.511
510050.SH,20170511,2.321,2.316,2.337,2.315,2.334,0.013,0.5601,2921606.13,679858.476
510050.SH,20170510,2.315,2.316,2.332,2.316,2.321,0.006,0.2592,2566048.88,596815.56
510050.SH,20170509,2.318,2.312,2.319,2.31,2.315,-0.003,-0.1294,1456514.77,337121.159
510050.SH,20170508,2.313,2.307,2.32,2.298,2.318,0.005,0.2162,3890832.66,898767.926
510050.SH,20170505,2.32,2.317,2.318,2.296,2.313,-0.007,-0.3017,2671015.77,616193.678
510050.SH,20170504,2.325,2.324,2.33,2.314,2.32,-0.005,-0.2151,1792657.14,416001.123
510050.SH,20170503,2.332,2.332,2.338,2.324,2.325,-0.007,-0.3002,1594104.51,371363.612
510050.SH,20170502,2.34,2.338,2.345,2.332,2.332,-0.008,-0.3419,820257.98,191857.354
510050.SH,20170428,2.344,2.343,2.344,2.33,2.34,-0.004,-0.1706,1834581.74,428708.586
510050.SH,20170427,2.339,2.336,2.347,2.326,2.344,0.005,0.2138,1543849.13,360522.222
510050.SH,20170426,2.342,2.342,2.356,2.339,2.339,-0.003,-0.1281,2282894.91,535630.461
510050.SH,20170425,2.336,2.334,2.344,2.334,2.342,0.006,0.2568,1745779.87,408621.367
510050.SH,20170424,2.341,2.342,2.343,2.323,2.336,-0.005,-0.2136,2487214.1,579523.992
510050.SH,20170421,2.331,2.332,2.346,2.33,2.341,0.01,0.429,2031211.27,474885.246
510050.SH,20170420,2.322,2.32,2.333,2.32,2.331,0.009,0.3876,1851907.84,430719.32
510050.SH,20170419,2.338,2.333,2.335,2.313,2.322,-0.016,-0.6843,3465282.23,805082.762
510050.SH,20170418,2.353,2.35,2.351,2.336,2.338,-0.015,-0.6375,1423344.7,333776.998
510050.SH,20170417,2.35,2.348,2.356,2.337,2.353,0.003,0.1277,2794262.09,655265.124
510050.SH,20170414,2.367,2.366,2.367,2.345,2.35,-0.017,-0.7182,2096911.65,493751.968
510050.SH,20170413,2.374,2.37,2.375,2.365,2.367,-0.007,-0.2949,1756562.66,416071.549
510050.SH,20170412,2.378,2.375,2.382,2.361,2.374,-0.004,-0.1682,1530671.04,363534.272
510050.SH,20170411,2.377,2.374,2.383,2.354,2.378,0.001,0.0421,2574388.02,609633.421
510050.SH,20170410,2.384,2.384,2.388,2.377,2.377,-0.007,-0.2936,1296305.97,308739.449
510050.SH,20170407,2.384,2.385,2.39,2.375,2.384,0.0,0.0,1548983.68,369035.94
510050.SH,20170406,2.382,2.383,2.39,2.372,2.384,0.002,0.084,2820088.77,671762.803
510050.SH,20170405,2.356,2.366,2.383,2.363,2.382,0.026,1.1036,1852731.34,440025.325
510050.SH,20170331,2.343,2.341,2.358,2.341,2.356,0.013,0.5548,1710043.21,402125.55
510050.SH,20170330,2.352,2.351,2.356,2.335,2.343,-0.009,-0.3827,2658567.84,622998.005
510050.SH,20170329,2.354,2.356,2.361,2.347,2.352,-0.002,-0.085,1392728.31,328018.12
510050.SH,20170328,2.36,2.363,2.366,2.352,2.354,-0.006,-0.2542,1670864.77,393928.592
510050.SH,20170327,2.364,2.364,2.377,2.358,2.36,-0.004,-0.1692,1740014.81,412091.432
510050.SH,20170324,2.344,2.346,2.371,2.341,2.364,0.02,0.8532,1946965.69,458191.46
510050.SH,20170323,2.336,2.335,2.353,2.334,2.344,0.008,0.3425,1361271.11,319000.297
510050.SH,20170322,2.353,2.345,2.349,2.329,2.336,-0.017,-0.7225,2182631.56,510055.729
510050.SH,20170321,2.347,2.347,2.355,2.345,2.353,0.006,0.2556,1873622.76,440152.252
510050.SH,20170320,2.343,2.348,2.353,2.338,2.347,0.004,0.1707,997252.92,233947.113
510050.SH,20170317,2.369,2.371,2.372,2.338,2.343,-0.026,-1.0975,2173504.73,512665.503
510050.SH,20170316,2.354,2.361,2.376,2.36,2.369,0.015,0.6372,1887140.94,447005.089
510050.SH,20170315,2.351,2.348,2.355,2.344,2.354,0.003,0.1276,1037653.94,243874.806
510050.SH,20170314,2.355,2.355,2.357,2.347,2.351,-0.004,-0.1699,778545.52,183189.202
510050.SH,20170313,2.335,2.334,2.356,2.327,2.355,0.02,0.8565,1606165.7,376838.823
510050.SH,20170310,2.343,2.341,2.344,2.335,2.335,-0.008,-0.3414,950259.62,222241.43
510050.SH,20170309,2.355,2.351,2.352,2.332,2.343,-0.012,-0.5096,1477523.91,345712.056
510050.SH,20170308,2.354,2.353,2.36,2.349,2.355,0.001,0.0425,1131251.53,266420.757
510050.SH,20170307,2.349,2.346,2.354,2.345,2.354,0.005,0.2129,1412334.9,331732.369
510050.SH,20170306,2.343,2.344,2.354,2.341,2.349,0.006,0.2561,1559258.79,365903.393
510050.SH,20170303,2.353,2.35,2.35,2.339,2.343,-0.01,-0.425,1382678.54,324034.92
510050.SH,20170302,2.368,2.373,2.379,2.351,2.353,-0.015,-0.6334,1443827.55,341537.364
510050.SH,20170301,2.368,2.37,2.381,2.366,2.368,0.0,0.0,2103578.22,499053.102
510050.SH,20170228,2.367,2.366,2.377,2.362,2.368,0.001,0.0422,1632510.33,386531.983
510050.SH,20170227,2.385,2.383,2.384,2.363,2.367,-0.018,-0.7547,1819209.49,432164.374
510050.SH,20170224,2.387,2.386,2.386,2.374,2.385,-0.002,-0.0838,2544948.33,605779.061
510050.SH,20170223,2.396,2.395,2.4,2.38,2.387,-0.009,-0.3756,1483924.31,354492.716
510050.SH,20170222,2.393,2.393,2.398,2.388,2.396,0.003,0.1254,2137838.81,511390.078
510050.SH,20170221,2.395,2.395,2.407,2.39,2.393,-0.002,-0.0835,2494719.53,598279.404
510050.SH,20170220,2.361,2.362,2.396,2.362,2.395,0.034,1.4401,4045643.98,963865.183
510050.SH,20170217,2.372,2.375,2.386,2.36,2.361,-0.011,-0.4637,1968658.07,467512.548
510050.SH,20170216,2.369,2.369,2.376,2.366,2.372,0.003,0.1266,1157874.48,274568.384
510050.SH,20170215,2.37,2.37,2.382,2.368,2.369,-0.001,-0.0422,1377216.47,327203.562
510050.SH,20170214,2.378,2.377,2.379,2.367,2.37,-0.008,-0.3364,1415678.86,335864.319
510050.SH,20170213,2.366,2.367,2.381,2.367,2.378,0.012,0.5072,2488312.05,591160.947
510050.SH,20170210,2.354,2.356,2.372,2.355,2.366,0.012,0.5098,2733694.3,646491.032
510050.SH,20170209,2.348,2.348,2.365,2.342,2.354,0.006,0.2555,2331212.95,548962.391
510050.SH,20170208,2.335,2.335,2.349,2.324,2.348,0.013,0.5567,1684464.97,393493.921
510050.SH,20170207,2.343,2.343,2.347,2.331,2.335,-0.008,-0.3414,1408960.42,329417.249
510050.SH,20170206,2.342,2.345,2.351,2.336,2.343,0.001,0.0427,1548299.19,362763.938
510050.SH,20170203,2.366,2.367,2.37,2.339,2.342,-0.024,-1.0144,1455852.65,342111.875
510050.SH,20170126,2.357,2.361,2.372,2.359,2.366,0.009,0.3818,1961230.92,464155.92
510050.SH,20170125,2.354,2.351,2.36,2.345,2.357,0.003,0.1274,1647286.09,387625.966
510050.SH,20170124,2.348,2.349,2.356,2.345,2.354,0.006,0.2555,1769305.07,415918.129
510050.SH,20170123,2.349,2.35,2.361,2.343,2.348,-0.001,-0.0426,3139089.19,738503.644
510050.SH,20170120,2.334,2.335,2.353,2.334,2.349,0.015,0.6427,1844401.99,432369.727
510050.SH,20170119,2.344,2.341,2.352,2.332,2.334,-0.01,-0.4266,2441889.56,572063.104
510050.SH,20170118,2.329,2.328,2.352,2.328,2.344,0.015,0.6441,1859741.69,435818.334
510050.SH,20170117,2.339,2.329,2.335,2.322,2.329,-0.01,-0.4275,1401623.55,326502.132
510050.SH,20170116,2.31,2.308,2.344,2.286,2.339,0.029,1.2554,4368298.46,1011597.198
510050.SH,20170113,2.296,2.295,2.317,2.293,2.31,0.014,0.6098,1652974.29,380903.097
510050.SH,20170112,2.303,2.301,2.31,2.295,2.296,-0.007,-0.304,1581768.59,364393.793
510050.SH,20170111,2.313,2.314,2.319,2.301,2.303,-0.01,-0.4323,1804038.45,416669.178
510050.SH,20170110,2.319,2.315,2.322,2.31,2.313,-0.006,-0.2587,1182091.4,273842.11
510050.SH,20170109,2.314,2.312,2.324,2.308,2.319,0.005,0.2161,1460191.12,338284.574
510050.SH,20170106,2.322,2.322,2.326,2.312,2.314,-0.008,-0.3445,1093260.29,253554.525
510050.SH,20170105,2.325,2.323,2.328,2.317,2.322,-0.003,-0.129,1653052.62,383888.793
510050.SH,20170104,2.307,2.304,2.325,2.304,2.325,0.018,0.7802,2243780.29,519611.102
510050.SH,20170103,2.287,2.285,2.314,2.285,2.307,0.02,0.8745,2716432.43,626330.162
510050.SH,20161230,2.278,2.277,2.29,2.276,2.287,0.009,0.3951,2386427.44,544894.006
510050.SH,20161229,2.278,2.275,2.287,2.268,2.278,0.0,0.0,2142421.65,488255.156
510050.SH,20161228,2.289,2.287,2.293,2.272,2.278,-0.011,-0.4806,2137651.94,487391.375
510050.SH,20161227,2.298,2.297,2.304,2.287,2.289,-0.009,-0.3916,1829392.86,420150.294
510050.SH,20161226,2.279,2.266,2.301,2.256,2.298,0.019,0.8337,3005143.73,684120.186
510050.SH,20161223,2.292,2.29,2.293,2.273,2.279,-0.013,-0.5672,1589925.61,362728.294
510050.SH,20161222,2.298,2.297,2.299,2.282,2.292,-0.006,-0.2611,1293380.51,296329.083
510050.SH,20161221,2.281,2.284,2.307,2.284,2.298,0.017,0.7453,3288750.26,755605.388
510050.SH,20161220,2.293,2.293,2.296,2.263,2.281,-0.012,-0.5233,2181082.04,496352.195
510050.SH,20161219,2.301,2.299,2.305,2.288,2.293,-0.008,-0.3477,2027300.64,465444.738
510050.SH,20161216,2.308,2.307,2.317,2.3,2.301,-0.007,-0.3033,2069360.2,477342.534
510050.SH,20161215,2.36,2.353,2.355,2.273,2.308,-0.052,-2.2034,4081803.64,949245.201
510050.SH,20161214,2.371,2.372,2.385,2.359,2.36,-0.011,-0.4639,2541497.55,603286.432
510050.SH,20161213,2.386,2.377,2.382,2.36,2.371,-0.015,-0.6287,3478672.03,824986.574
510050.SH,20161212,2.413,2.412,2.426,2.366,2.386,-0.027,-1.1189,5934859.09,1417710.194
510050.SH,20161209,2.38,2.378,2.421,2.372,2.413,0.033,1.3866,3626518.28,870848.654
510050.SH,20161208,2.375,2.379,2.388,2.375,2.38,0.005,0.2105,2303045.69,548100.604
510050.SH,20161207,2.368,2.368,2.376,2.361,2.375,0.007,0.2956,2104626.91,498753.666
510050.SH,20161206,2.373,2.372,2.383,2.367,2.368,-0.005,-0.2107,2033863.91,483001.676
510050.SH,20161205,2.416,2.392,2.393,2.364,2.373,-0.043,-1.7798,4557022.57,1083013.12
510050.SH,20161202,2.433,2.432,2.433,2.403,2.416,-0.017,-0.6987,3598342.82,869541.739
510050.SH,20161201,2.419,2.424,2.45,2.418,2.433,0.014,0.5788,3458103.22,841660.729
510050.SH,20161130,2.446,2.439,2.449,2.411,2.419,-0.027,-1.1038,5571959.63,1352489.245
510050.SH,20161129,2.407,2.403,2.459,2.396,2.446,0.039,1.6203,3430981.93,834698.51
510050.SH,20161128,2.451,2.46,2.485,2.455,2.46,0.009,0.3672,2694263.11,665255.111
510050.SH,20161125,2.425,2.425,2.453,2.41,2.451,0.026,1.0722,2797375.07,679471.52
510050.SH,20161124,2.415,2.411,2.436,2.409,2.425,0.01,0.4141,2144528.69,519405.381
510050.SH,20161123,2.408,2.409,2.431,2.404,2.415,0.007,0.2907,2154154.97,521172.448
510050.SH,20161122,2.39,2.388,2.412,2.387,2.408,0.018,0.7531,2669513.09,641724.28
510050.SH,20161121,2.363,2.359,2.406,2.359,2.39,0.027,1.1426,3171603.1,757536.893
510050.SH,20161118,2.369,2.37,2.378,2.358,2.363,-0.006,-0.2533,1437971.0,340715.047
510050.SH,20161117,2.361,2.36,2.37,2.35,2.369,0.008,0.3388,1252760.1,295789.112
510050.SH,20161116,2.366,2.367,2.37,2.358,2.361,-0.005,-0.2113,1349158.21,318801.802
510050.SH,20161115,2.374,2.37,2.374,2.361,2.366,-0.008,-0.337,1339446.67,316967.642
510050.SH,20161114,2.363,2.358,2.395,2.356,2.374,0.011,0.4655,3284321.67,779989.59
510050.SH,20161111,2.344,2.339,2.371,2.337,2.363,0.019,0.8106,3591485.92,847232.9
510050.SH,20161110,2.32,2.332,2.351,2.332,2.344,0.024,1.0345,1742958.84,408363.468
510050.SH,20161109,2.338,2.337,2.337,2.299,2.32,-0.018,-0.7699,2622338.54,607962.232
510050.SH,20161108,2.33,2.336,2.351,2.33,2.338,0.008,0.3433,1458718.21,341373.003
510050.SH,20161107,2.324,2.324,2.334,2.321,2.33,0.006,0.2582,943443.16,219573.733
510050.SH,20161104,2.327,2.325,2.339,2.321,2.324,-0.003,-0.1289,1310305.35,305352.445
510050.SH,20161103,2.3,2.297,2.339,2.294,2.327,0.027,1.1739,2594712.2,601527.366
510050.SH,20161102,2.316,2.311,2.312,2.298,2.3,-0.016,-0.6908,1459249.6,336171.157
510050.SH,20161101,2.305,2.304,2.316,2.301,2.316,0.011,0.4772,1399906.34,323638.315
510050.SH,20161031,2.307,2.306,2.307,2.289,2.305,-0.002,-0.0867,1240292.44,285065.904
510050.SH,20161028,2.305,2.305,2.329,2.305,2.307,0.002,0.0868,3028056.17,700997.575
510050.SH,20161027,2.311,2.31,2.311,2.3,2.305,-0.006,-0.2596,1739054.25,400792.628
510050.SH,20161026,2.319,2.319,2.322,2.309,2.311,-0.008,-0.345,1934679.73,448208.298
510050.SH,20161025,2.324,2.325,2.328,2.315,2.319,-0.005,-0.2151,2463381.65,571569.829
510050.SH,20161024,2.295,2.294,2.343,2.294,2.324,0.029,1.2636,3893178.13,904622.159
510050.SH,20161021,2.28,2.28,2.302,2.275,2.295,0.015,0.6579,1777797.58,407072.522
510050.SH,20161020,2.279,2.278,2.285,2.276,2.28,0.001,0.0439,1035051.57,235931.475
510050.SH,20161019,2.282,2.282,2.288,2.276,2.279,-0.003,-0.1315,1109992.2,253195.091
510050.SH,20161018,2.25,2.247,2.284,2.246,2.282,0.032,1.4222,1689088.06,382795.422
510050.SH,20161017,2.266,2.269,2.269,2.246,2.25,-0.016,-0.7061,1215437.26,274697.51
510050.SH,20161014,2.257,2.257,2.271,2.251,2.266,0.009,0.3988,1144170.97,258723.924
510050.SH,20161013,2.257,2.254,2.263,2.254,2.257,0.0,0.0,784097.11,176956.364
510050.SH,20161012,2.265,2.26,2.261,2.254,2.257,-0.008,-0.3532,1030107.76,232606.505
510050.SH,20161011,2.262,2.262,2.268,2.258,2.265,0.003,0.1326,1331115.93,301259.065
510050.SH,20161010,2.235,2.246,2.267,2.243,2.262,0.027,1.2081,1141358.34,257341.662
510050.SH,20160930,2.23,2.225,2.238,2.225,2.235,0.005,0.2242,1274905.13,284913.647
510050.SH,20160929,2.219,2.224,2.239,2.224,2.23,0.011,0.4957,1010064.07,225529.44
510050.SH,20160928,2.229,2.231,2.232,2.218,2.219,-0.01,-0.4486,1195647.36,265966.884
510050.SH,20160927,2.222,2.22,2.234,2.219,2.229,0.007,0.315,988029.48,220020.211
510050.SH,20160926,2.249,2.245,2.246,2.22,2.222,-0.027,-1.2005,2170055.17,485127.358
510050.SH,20160923,2.255,2.255,2.258,2.248,2.249,-0.006,-0.2661,1042780.49,235008.969
510050.SH,20160922,2.243,2.249,2.266,2.248,2.255,0.012,0.535,1405734.26,317247.021
510050.SH,20160921,2.239,2.237,2.245,2.236,2.243,0.004,0.1787,1107122.22,247995.144
510050.SH,20160920,2.242,2.241,2.243,2.234,2.239,-0.003,-0.1338,804570.42,180024.685
510050.SH,20160919,2.229,2.229,2.245,2.228,2.242,0.013,0.5832,1063911.38,238257.401
510050.SH,20160914,2.242,2.234,2.238,2.225,2.229,-0.013,-0.5798,1506998.21,336257.115
510050.SH,20160913,2.25,2.248,2.25,2.238,2.242,-0.008,-0.3556,1424014.87,319381.64
510050.SH,20160912,2.28,2.247,2.255,2.23,2.25,-0.03,-1.3158,3454826.71,774263.669
510050.SH,20160909,2.29,2.288,2.293,2.275,2.28,-0.01,-0.4367,1081196.78,247313.791
510050.SH,20160908,2.29,2.287,2.292,2.284,2.29,0.0,0.0,1191994.92,272687.753
510050.SH,20160907,2.286,2.286,2.3,2.285,2.29,0.004,0.175,2938161.18,673816.76
510050.SH,20160906,2.28,2.28,2.295,2.267,2.286,0.006,0.2632,1692879.34,386432.421
510050.SH,20160905,2.279,2.281,2.296,2.278,2.28,0.001,0.0439,1713722.2,391319.553
510050.SH,20160902,2.268,2.268,2.28,2.265,2.279,0.011,0.485,1711015.01,388870.655
510050.SH,20160901,2.284,2.284,2.286,2.267,2.268,-0.016,-0.7005,1331148.76,303099.987
510050.SH,20160831,2.276,2.275,2.289,2.27,2.284,0.008,0.3515,1942188.99,442888.671
510050.SH,20160830,2.265,2.266,2.282,2.266,2.276,0.011,0.4857,1486517.62,337808.028
510050.SH,20160829,2.267,2.267,2.269,2.254,2.265,-0.002,-0.0882,1196589.02,270828.94
510050.SH,20160826,2.269,2.272,2.282,2.265,2.267,-0.002,-0.0881,1549018.02,352254.518
510050.SH,20160825,2.28,2.275,2.275,2.254,2.269,-0.011,-0.4825,1869078.55,423605.339
510050.SH,20160824,2.29,2.292,2.301,2.274,2.28,-0.01,-0.4367,2091216.0,477294.909
510050.SH,20160823,2.287,2.288,2.307,2.282,2.29,0.003,0.1312,2340447.05,536802.344
510050.SH,20160822,2.301,2.3,2.304,2.283,2.287,-0.014,-0.6084,1500541.74,343831.079
510050.SH,20160819,2.29,2.289,2.305,2.281,2.301,0.011,0.4803,1559685.67,357684.903
510050.SH,20160818,2.3,2.301,2.322,2.283,2.29,-0.01,-0.4348,2289851.1,527631.727
510050.SH,20160817,2.306,2.308,2.321,2.291,2.3,-0.006,-0.2602,2314969.83,533492.477
510050.SH,20160816,2.336,2.34,2.352,2.304,2.306,-0.03,-1.2842,5259624.6,1220321.073
510050.SH,20160815,2.272,2.276,2.368,2.273,2.336,0.064,2.8169,5412527.37,1263106.491
510050.SH,20160812,2.223,2.223,2.273,2.222,2.272,0.049,2.2042,2974616.95,669346.8
510050.SH,20160811,2.216,2.216,2.256,2.212,2.223,0.007,0.3159,2626153.65,587454.178
510050.SH,20160810,2.221,2.222,2.223,2.213,2.216,-0.005,-0.2251,1338665.47,296933.615
510050.SH,20160809,2.204,2.201,2.223,2.201,2.221,0.017,0.7713,1118268.52,247515.348
510050.SH,20160808,2.195,2.196,2.206,2.185,2.204,0.009,0.41,880394.3,193385.523
510050.SH,20160805,2.186,2.186,2.205,2.181,2.195,0.009,0.4117,1112996.03,244169.03
510050.SH,20160804,2.188,2.187,2.189,2.172,2.186,-0.002,-0.0914,994114.0,216850.335
510050.SH,20160803,2.19,2.188,2.193,2.181,2.188,-0.002,-0.0913,901834.85,197289.822
510050.SH,20160802,2.19,2.191,2.198,2.182,2.19,0.0,0.0,877795.01,192184.803
510050.SH,20160801,2.201,2.199,2.2,2.182,2.19,-0.011,-0.4998,1451769.21,318100.802
510050.SH,20160729,2.211,2.209,2.212,2.195,2.201,-0.01,-0.4523,855808.4,188705.231
510050.SH,20160728,2.215,2.203,2.218,2.193,2.211,-0.004,-0.1806,1235216.0,272776.381
510050.SH,20160727,2.227,2.228,2.232,2.172,2.215,-0.012,-0.5388,2926171.12,644322.778
510050.SH,20160726,2.201,2.201,2.229,2.197,2.227,0.026,1.1813,1914550.33,424591.601
510050.SH,20160725,2.2,2.199,2.21,2.197,2.201,0.001,0.0455,1008017.94,222103.185
510050.SH,20160722,2.22,2.218,2.222,2.199,2.2,-0.02,-0.9009,1017700.91,224642.09
510050.SH,20160721,2.209,2.211,2.228,2.211,2.22,0.011,0.498,1429531.1,317500.367
510050.SH,20160720,2.216,2.216,2.222,2.207,2.209,-0.007,-0.3159,1319933.5,292105.743
510050.SH,20160719,2.228,2.226,2.235,2.205,2.216,-0.012,-0.5386,1971320.24,437073.21
510050.SH,20160718,2.236,2.235,2.247,2.227,2.228,-0.008,-0.3578,2190945.05,489701.956
510050.SH,20160715,2.233,2.235,2.242,2.227,2.236,0.003,0.1343,3047614.37,681314.944
510050.SH,20160714,2.236,2.237,2.239,2.22,2.233,-0.003,-0.1342,2473531.86,552365.652
510050.SH,20160713,2.233,2.237,2.266,2.233,2.236,0.003,0.1343,4764777.33,1069761.626
510050.SH,20160712,2.188,2.188,2.235,2.188,2.233,0.045,2.0567,2940528.1,650660.174
510050.SH,20160711,2.177,2.181,2.208,2.181,2.188,0.011,0.5053,1321293.13,290204.345
510050.SH,20160708,2.189,2.184,2.187,2.176,2.177,-0.012,-0.5482,983801.57,214456.153
510050.SH,20160707,2.184,2.182,2.196,2.174,2.189,0.005,0.2289,1194146.25,260924.492
510050.SH,20160706,2.185,2.177,2.186,2.167,2.184,-0.001,-0.0458,1664278.32,362355.146
510050.SH,20160705,2.177,2.175,2.193,2.175,2.185,0.008,0.3675,1729523.48,377638.845
510050.SH,20160704,2.142,2.141,2.186,2.137,2.177,0.035,1.634,2056830.19,446441.009
510050.SH,20160701,2.136,2.142,2.149,2.141,2.142,0.006,0.2809,1144361.79,245450.903
510050.SH,20160630,2.135,2.14,2.146,2.136,2.136,0.001,0.0468,1254970.25,268751.877
510050.SH,20160629,2.117,2.119,2.138,2.119,2.135,0.018,0.8503,1905644.91,406090.263
510050.SH,20160628,2.111,2.106,2.119,2.098,2.117,0.006,0.2842,1449451.86,305469.295
510050.SH,20160627,2.09,2.09,2.112,2.087,2.111,0.021,1.0048,1943116.6,409063.811
510050.SH,20160624,2.116,2.113,2.127,2.068,2.09,-0.026,-1.2287,2138533.83,449350.245
510050.SH,20160623,2.124,2.126,2.127,2.107,2.116,-0.008,-0.3766,1000646.0,211711.636
510050.SH,20160622,2.112,2.11,2.126,2.106,2.124,0.012,0.5682,1748766.12,370432.495
510050.SH,20160621,2.114,2.119,2.141,2.11,2.112,-0.002,-0.0946,1611718.61,342244.844
510050.SH,20160620,2.109,2.115,2.118,2.102,2.114,0.005,0.2371,1212975.14,256033.857
510050.SH,20160617,2.102,2.107,2.125,2.106,2.109,0.007,0.333,2166510.97,458576.64
510050.SH,20160616,2.109,2.1,2.11,2.097,2.102,-0.007,-0.3319,1243704.4,261720.124
510050.SH,20160615,2.101,2.08,2.122,2.077,2.109,0.008,0.3808,2028556.97,426938.724
510050.SH,20160614,2.088,2.087,2.104,2.086,2.101,0.013,0.6226,1234242.65,258758.217
510050.SH,20160613,2.139,2.123,2.126,2.087,2.088,-0.051,-2.3843,2547582.77,537797.136
510050.SH,20160608,2.143,2.143,2.146,2.13,2.139,-0.004,-0.1867,917264.77,196021.945
510050.SH,20160607,2.141,2.145,2.15,2.14,2.143,0.002,0.0934,1182076.93,253440.864
510050.SH,20160606,2.154,2.154,2.158,2.137,2.141,-0.013,-0.6035,1351637.76,289763.568
510050.SH,20160603,2.14,2.142,2.158,2.137,2.154,0.014,0.6542,2080395.04,446731.858
510050.SH,20160602,2.142,2.14,2.149,2.131,2.14,-0.002,-0.0934,1487011.34,318129.523
510050.SH,20160601,2.16,2.16,2.162,2.142,2.142,-0.018,-0.8333,2625484.9,564498.989
510050.SH,20160531,2.089,2.091,2.161,2.091,2.16,0.071,3.3988,5842395.17,1252137.529
510050.SH,20160530,2.078,2.076,2.094,2.065,2.089,0.011,0.5294,1591087.71,331658.034
510050.SH,20160527,2.074,2.075,2.084,2.07,2.078,0.004,0.1929,1124549.74,233450.343
510050.SH,20160526,2.074,2.076,2.086,2.062,2.074,0.0,0.0,1151169.2,238605.251
510050.SH,20160525,2.069,2.076,2.085,2.071,2.074,0.005,0.2417,1182057.92,245572.2
510050.SH,20160524,2.084,2.081,2.081,2.066,2.069,-0.015,-0.7198,1744282.1,361361.073
510050.SH,20160523,2.083,2.084,2.099,2.079,2.084,0.001,0.048,1206061.56,251858.773
510050.SH,20160520,2.072,2.065,2.084,2.065,2.083,0.011,0.5309,946322.82,196673.052
510050.SH,20160519,2.078,2.071,2.085,2.069,2.072,-0.006,-0.2887,827861.96,171969.403
510050.SH,20160518,2.077,2.07,2.083,2.052,2.078,0.001,0.0481,3188517.17,658974.127
510050.SH,20160517,2.081,2.082,2.087,2.069,2.077,-0.004,-0.1922,1091505.7,226682.673
510050.SH,20160516,2.079,2.068,2.085,2.062,2.081,0.002,0.0962,1261020.17,261761.631
510050.SH,20160513,2.083,2.07,2.089,2.07,2.079,-0.004,-0.192,941263.03,195919.916
510050.SH,20160512,2.077,2.069,2.089,2.056,2.083,0.006,0.2889,1336796.31,277384.936
510050.SH,20160511,2.07,2.076,2.09,2.067,2.077,0.007,0.3382,1441010.41,299410.777
510050.SH,20160510,2.071,2.067,2.083,2.064,2.07,-0.001,-0.0483,1560353.2,323652.183
510050.SH,20160509,2.103,2.097,2.101,2.064,2.071,-0.032,-1.5216,3442924.67,716575.961
510050.SH,20160506,2.151,2.151,2.153,2.1,2.103,-0.048,-2.2315,2658437.31,566508.057
510050.SH,20160505,2.153,2.145,2.152,2.143,2.151,-0.002,-0.0929,1031108.56,221442.963
510050.SH,20160504,2.159,2.152,2.158,2.145,2.153,-0.006,-0.2779,1244277.47,267714.478
510050.SH,20160503,2.135,2.137,2.168,2.127,2.159,0.024,1.1241,2528151.04,544978.429
510050.SH,20160429,2.142,2.133,2.144,2.132,2.135,-0.007,-0.3268,1248875.42,267143.131
510050.SH,20160428,2.144,2.145,2.154,2.131,2.142,-0.002,-0.0933,1717320.75,368024.979
510050.SH,20160427,2.152,2.153,2.156,2.14,2.144,-0.008,-0.3717,1482272.4,318530.564
510050.SH,20160426,2.145,2.143,2.163,2.137,2.152,0.007,0.3263,1749271.64,375911.47
510050.SH,20160425,2.156,2.149,2.154,2.12,2.145,-0.011,-0.5102,1898352.04,406432.949
510050.SH,20160422,2.146,2.133,2.159,2.121,2.156,0.01,0.466,2487581.55,535247.59
510050.SH,20160421,2.148,2.134,2.169,2.129,2.146,-0.002,-0.0931,3490579.16,751276.764
510050.SH,20160420,2.161,2.164,2.169,2.093,2.148,-0.013,-0.6016,5753600.42,1225701.355
510050.SH,20160419,2.154,2.167,2.17,2.153,2.161,0.007,0.325,2058694.78,444328.416
510050.SH,20160418,2.178,2.163,2.171,2.15,2.154,-0.024,-1.1019,2191771.8,473288.109
510050.SH,20160415,2.174,2.178,2.186,2.17,2.178,0.004,0.184,3050963.92,664278.6
510050.SH,20160414,2.168,2.179,2.19,2.164,2.174,0.006,0.2768,3061830.7,666019.637
510050.SH,20160413,2.142,2.154,2.197,2.154,2.168,0.026,1.2138,5480353.17,1195900.106
510050.SH,20160412,2.144,2.144,2.149,2.133,2.142,-0.002,-0.0933,1774047.65,379581.451
510050.SH,20160411,2.124,2.139,2.166,2.139,2.144,0.02,0.9416,2882288.54,620823.119
510050.SH,20160408,2.139,2.128,2.134,2.112,2.124,-0.015,-0.7013,2713618.24,576541.114
510050.SH,20160407,2.165,2.17,2.177,2.136,2.139,-0.026,-1.2009,2350029.2,505503.939
510050.SH,20160406,2.175,2.168,2.175,2.157,2.165,-0.01,-0.4598,2193315.55,475108.314
510050.SH,20160405,2.165,2.152,2.189,2.146,2.175,0.01,0.4619,4033006.88,876822.489
510050.SH,20160401,2.156,2.152,2.166,2.116,2.165,0.009,0.4174,3467697.46,745360.354
510050.SH,20160331,2.158,2.164,2.171,2.146,2.156,-0.002,-0.0927,2462077.41,531522.727
510050.SH,20160330,2.104,2.121,2.162,2.121,2.158,0.054,2.5665,3516452.65,754214.899
510050.SH,20160329,2.121,2.125,2.136,2.098,2.104,-0.017,-0.8015,4026092.67,851243.809
510050.SH,20160328,2.145,2.152,2.168,2.117,2.121,-0.024,-1.1189,3292481.97,705448.359
510050.SH,20160325,2.14,2.138,2.157,2.135,2.145,0.005,0.2336,3952447.52,847518.459
510050.SH,20160324,2.171,2.161,2.161,2.136,2.14,-0.031,-1.4279,3390856.23,727963.216
510050.SH,20160323,2.169,2.164,2.186,2.154,2.171,0.002,0.0922,5923528.19,1283219.124
510050.SH,20160322,2.192,2.185,2.193,2.165,2.169,-0.023,-1.0493,4337330.13,945064.157
510050.SH,20160321,2.14,2.16,2.215,2.154,2.192,0.052,2.4299,7063211.92,1546431.565
510050.SH,20160318,2.132,2.135,2.167,2.131,2.14,0.008,0.3752,5378710.58,1155122.415
510050.SH,20160317,2.135,2.131,2.159,2.111,2.132,-0.003,-0.1405,3819977.32,815888.902
510050.SH,20160316,2.098,2.085,2.141,2.082,2.135,0.037,1.7636,4941515.82,1050081.584
510050.SH,20160315,2.076,2.075,2.104,2.055,2.098,0.022,1.0597,4111974.97,856660.295
510050.SH,20160314,2.066,2.081,2.12,2.072,2.076,0.01,0.484,3263170.38,683955.102
510050.SH,20160311,2.059,2.042,2.071,2.039,2.066,0.007,0.34,3466691.13,712909.607
510050.SH,20160310,2.107,2.084,2.106,2.055,2.059,-0.048,-2.2781,2962009.33,617764.7
510050.SH,20160309,2.115,2.072,2.11,2.052,2.107,-0.008,-0.3783,4519536.45,938589.375
510050.SH,20160308,2.111,2.104,2.117,2.035,2.115,0.004,0.1895,4214339.99,873018.382
510050.SH,20160307,2.122,2.12,2.14,2.096,2.111,-0.011,-0.5184,4325792.16,915445.864
510050.SH,20160304,2.053,2.046,2.13,2.04,2.122,0.069,3.3609,6550957.84,1368994.68
510050.SH,20160303,2.049,2.044,2.061,2.035,2.053,0.004,0.1952,3456580.49,708318.094
510050.SH,20160302,1.971,1.974,2.056,1.974,2.049,0.078,3.9574,4373685.83,884244.004
510050.SH,20160301,1.937,1.94,1.991,1.929,1.971,0.034,1.7553,3402613.79,665828.723
510050.SH,20160229,1.956,1.947,1.955,1.89,1.937,-0.019,-0.9714,4246989.81,815890.025
510050.SH,20160226,1.936,1.946,1.966,1.93,1.956,0.02,1.0331,4191622.19,817819.086
510050.SH,20160225,2.039,2.033,2.036,1.914,1.936,-0.103,-5.0515,3761393.4,744375.52
510050.SH,20160224,2.03,2.024,2.043,2.009,2.039,0.009,0.4433,2961720.79,600965.767
510050.SH,20160223,2.054,2.052,2.053,2.016,2.03,-0.024,-1.1685,2233689.8,453973.044
510050.SH,20160222,2.006,2.024,2.065,2.015,2.054,0.048,2.3928,3946413.26,804270.366
510050.SH,20160219,2.011,2.008,2.016,1.994,2.006,-0.005,-0.2486,2029129.67,406839.283
510050.SH,20160218,2.013,2.023,2.035,2.008,2.011,-0.002,-0.0994,2101384.56,424778.009
510050.SH,20160217,2.001,1.999,2.021,1.995,2.013,0.012,0.5997,2718905.95,546408.434
510050.SH,20160216,1.949,1.956,2.006,1.955,2.001,0.052,2.668,2937698.54,585025.787
510050.SH,20160215,1.968,1.925,1.959,1.919,1.949,-0.019,-0.9654,2458719.52,476558.09
510050.SH,20160205,1.978,1.977,1.982,1.965,1.968,-0.01,-0.5056,2783073.94,548767.77
510050.SH,20160204,1.953,1.964,1.985,1.96,1.978,0.025,1.2801,2943647.65,580570.759
510050.SH,20160203,1.975,1.955,1.962,1.932,1.953,-0.022,-1.1139,2402730.15,467505.881
510050.SH,20160202,1.942,1.942,1.983,1.939,1.975,0.033,1.6993,2590861.86,509738.871
510050.SH,20160201,1.975,1.974,1.977,1.925,1.942,-0.033,-1.6709,2164566.17,421762.636
510050.SH,20160129,1.915,1.918,1.995,1.918,1.975,0.06,3.1332,4292173.25,842926.914
510050.SH,20160128,1.957,1.943,1.968,1.906,1.915,-0.042,-2.1461,3889436.65,755063.502
510050.SH,20160127,1.958,1.965,1.975,1.918,1.957,-0.001,-0.0511,5166376.44,1007226.972
510050.SH,20160126,2.065,2.052,2.056,1.95,1.958,-0.107,-5.1816,4167637.28,834831.478
510050.SH,20160125,2.067,2.07,2.078,2.054,2.065,-0.002,-0.0968,1971928.52,407438.313
510050.SH,20160122,2.043,2.065,2.079,2.031,2.067,0.024,1.1747,3583318.12,737375.435
510050.SH,20160121,2.091,2.075,2.117,2.04,2.043,-0.048,-2.2956,3438259.98,715622.054
510050.SH,20160120,2.13,2.117,2.125,2.072,2.091,-0.039,-1.831,3494118.75,734513.531
510050.SH,20160119,2.07,2.07,2.142,2.061,2.13,0.06,2.8986,5158725.48,1087729.552
510050.SH,20160118,2.07,2.04,2.096,2.037,2.07,0.0,0.0,3894069.01,807679.185
510050.SH,20160115,2.131,2.12,2.131,2.06,2.07,-0.061,-2.8625,5071113.75,1062633.608
510050.SH,20160114,2.112,2.075,2.139,2.06,2.131,0.019,0.8996,6241159.75,1311296.332
510050.SH,20160113,2.131,2.153,2.165,2.11,2.112,-0.019,-0.8916,5630807.56,1206024.179
510050.SH,20160112,2.125,2.14,2.155,2.117,2.131,0.006,0.2824,4518035.41,966065.884
510050.SH,20160111,2.219,2.18,2.204,2.123,2.125,-0.094,-4.2361,6332308.58,1370198.234
510050.SH,20160108,2.177,2.236,2.259,2.156,2.219,0.042,1.9293,5766769.37,1279000.234
510050.SH,20160107,2.317,2.286,2.286,2.165,2.177,-0.14,-6.0423,891669.22,199851.686
510050.SH,20160106,2.286,2.29,2.32,2.275,2.317,0.031,1.3561,4009534.04,921398.473
510050.SH,20160105,2.278,2.26,2.311,2.23,2.286,0.008,0.3512,6456995.81,1473642.292
510050.SH,20160104,2.416,2.411,2.413,2.271,2.278,-0.138,-5.7119,2985469.54,703760.451
